Source	Target	Directed	Directed_Polysemy	Directed_Derivation	Directed_Other	Undirected	Undirected_Polysemy	Undirected_Derivation	Undirected_Other	OvertMarking_Languages	OvertMarking_Families	Polysemy_Languages	Polysemy_Families
STRIKE OR BEAT	PULL	0	0	0	0	3	3	0	0	0	0	0	0
STRIKE OR BEAT	SHAKE	0	0	0	0	2	2	0	0	4	4	0	0
STRIKE OR BEAT	EAT	4	4	0	0	0	0	0	0	2	2	0	0
STRIKE OR BEAT	LIE (MISLEAD)	1	1	0	0	1	1	0	0	0	0	0	0
STRIKE OR BEAT	SURPRISED	6	5	1	0	0	0	0	0	0	0	0	0
STRIKE OR BEAT	STEAL	4	4	0	0	0	0	0	0	2	2	0	0
STRIKE OR BEAT	SHOOT	5	5	0	0	10	10	0	0	10	8	6	4
STRIKE OR BEAT	KILL	4	4	0	0	16	14	1	1	8	3	23	10
STRIKE OR BEAT	FLOW	0	0	0	0	1	1	0	0	0	0	0	0
STRIKE OR BEAT	DRAW MILK	0	0	0	0	1	1	0	0	0	0	0	0
STRIKE OR BEAT	WOUND	2	1	1	0	1	1	0	0	0	0	0	0
STRIKE OR BEAT	BOAST	0	0	0	0	1	0	0	1	6	3	0	0
STRIKE OR BEAT	SPEAK	1	1	0	0	1	1	0	0	4	3	0	0
STRIKE OR BEAT	COUGH	1	1	0	0	1	1	0	0	4	3	0	0
STRIKE OR BEAT	FORGE	2	2	0	0	3	3	0	0	9	4	0	0
STRIKE OR BEAT	MOW	1	1	0	0	4	4	0	0	3	3	4	2
STRIKE OR BEAT	UNDERSTAND	0	0	0	0	1	1	0	0	0	0	0	0
STRIKE OR BEAT	DRINK	5	4	1	0	2	2	0	0	0	0	2	2
STRIKE OR BEAT	SIMILAR	1	1	0	0	0	0	0	0	0	0	0	0
STRIKE OR BEAT	COPULATE	2	2	0	0	1	1	0	0	5	5	0	0
STRIKE OR BEAT	SLEEP	1	1	0	0	1	1	0	0	0	0	0	0
STRIKE OR BEAT	BITE	2	2	0	0	1	1	0	0	2	2	0	0
STRIKE OR BEAT	CUT	0	0	0	0	1	1	0	0	3	3	0	0
STRIKE OR BEAT	SWIM	0	0	0	0	2	2	0	0	5	3	0	0
SEE	TRY	4	4	0	0	3	3	0	0	2	2	0	0
SEE	SEEM	3	2	1	0	2	2	0	0	6	4	6	3
SEE	UNDERSTAND	13	13	0	0	4	4	0	0	0	0	3	3
SEE	HEAR	1	1	0	0	8	8	0	0	6	4	0	0
SEE	LOOK FOR	12	9	1	2	0	0	0	0	0	0	0	0
SEE	SURPRISED	1	0	1	0	1	1	0	0	5	5	0	0
SEE	FIND	3	3	0	0	1	1	0	0	10	6	21	17
SEE	FEEL	0	0	0	0	2	2	0	0	6	5	4	2
SEE	AMBUSH	1	0	1	0	1	0	0	1	0	0	0	0
SEE	READ	0	0	0	0	1	1	0	0	4	4	2	2
SEE	IMITATE	0	0	0	0	2	2	0	0	0	0	0	0
EYE	STONE OR ROCK	0	0	0	0	3	2	0	1	5	3	0	0
EYE	FACE	0	0	0	0	2	1	1	0	9	7	25	10
EYE	EYELID	1	1	0	0	3	3	0	0	117	33	0	0
EYE	BEFORE	0	0	0	0	1	0	0	1	4	3	0	0
EYE	HOLE	10	10	0	0	10	10	0	0	0	0	0	0
EYE	WINDOW	1	0	1	0	5	4	1	0	8	6	0	0
EYE	WHEEL	1	1	0	0	1	1	0	0	8	2	0	0
EYE	WHIRLPOOL	0	0	0	0	1	1	0	0	2	2	0	0
EYE	SUN	1	1	0	0	1	0	0	1	20	4	0	0
FATHER	MAN	0	0	0	0	3	3	0	0	4	3	0	0
FATHER	PARENTS	13	4	8	1	0	0	0	0	104	21	2	2
FATHER	GOD	5	5	0	0	0	0	0	0	6	6	0	0
FATHER	GRANDFATHER	2	0	2	0	5	2	0	3	84	15	5	4
FATHER	MALE (OF ANIMAL)	6	6	0	0	6	6	0	0	7	5	5	4
FATHER	ANCESTORS	27	12	15	0	6	5	1	0	20	8	0	0
FATHER	MOTHER	0	0	0	0	2	0	0	2	4	3	0	0
FATHER	SON	0	0	0	0	1	0	0	1	0	0	0	0
FATHER	OLDER BROTHER	0	0	0	0	1	1	0	0	0	0	2	2
FATHER	OLDER SISTER	0	0	0	0	2	2	0	0	0	0	0	0
FATHER	HUSBAND	2	0	2	0	0	0	0	0	3	2	0	0
FATHER	BIG	1	1	0	0	4	4	0	0	4	4	0	0
FATHER	TEACHER	0	0	0	0	1	1	0	0	2	2	0	0
HEAD	BRAIN	0	0	0	0	3	1	0	2	35	21	0	0
HEAD	FOREHEAD	1	0	1	0	3	2	0	1	8	5	0	0
HEAD	MIND	7	7	0	0	9	8	0	1	8	6	4	4
HEAD	EDGE	2	2	0	0	0	0	0	0	0	0	0	0
HEAD	CAPE	0	0	0	0	1	1	0	0	8	4	0	0
HEAD	SIDE	3	3	0	0	0	0	0	0	0	0	0	0
HEAD	MONEY	2	1	1	0	3	2	1	0	0	0	0	0
HEAD	FACE	2	2	0	0	0	0	0	0	0	0	0	0
HEAD	TOP	2	1	1	0	0	0	0	0	6	4	24	10
HEAD	PUMPKIN	0	0	0	0	3	3	0	0	2	2	0	0
LIFT	PREGNANT	1	1	0	0	0	0	0	0	2	2	0	0
LIFT	SEIZE	0	0	0	0	1	1	0	0	0	0	0	0
LIFT	PLOUGH	1	1	0	0	0	0	0	0	0	0	0	0
LIFT	FINISH	1	1	0	0	1	1	0	0	0	0	0	0
LIFT	BUILD	3	3	0	0	2	2	0	0	0	0	10	5
LIFT	CAUSE	1	1	0	0	2	2	0	0	2	2	0	0
MOUTH	LIP	0	0	0	0	4	2	0	2	49	23	15	10
MOUTH	FACE	3	2	0	1	7	6	0	1	0	0	7	3
MOUTH	BEAK	0	0	0	0	5	5	0	0	33	10	20	9
MOUTH	HOLE	6	6	0	0	15	14	0	1	3	3	5	3
MOUTH	EDGE	1	1	0	0	5	5	0	0	2	2	9	8
MOUTH	SPEECH	8	8	0	0	3	3	0	0	4	2	0	0
MOUTH	CAPE	0	0	0	0	1	0	0	1	0	0	0	0
MOUTH	WOMB	0	0	0	0	1	1	0	0	0	0	0	0
MOUTH	PRECIPICE	2	2	0	0	0	0	0	0	0	0	0	0
MOUTH	NOSE	0	0	0	0	1	0	0	1	0	0	0	0
PULL	ROW	1	1	0	0	1	1	0	0	2	2	0	0
PULL	SMOKE (INHALE)	1	1	0	0	7	7	0	0	2	2	0	0
PULL	PLOUGH	0	0	0	0	1	1	0	0	0	0	0	0
PULL	STRIKE OR BEAT	0	0	0	0	3	3	0	0	0	0	0	0
PULL	PAINTING	0	0	0	0	4	4	0	0	0	0	0	0
PULL	DRINK	3	3	0	0	1	0	1	0	0	0	0	0
PULL	LAST (ENDURE)	1	1	0	0	2	2	0	0	3	3	0	0
PULL	BOW	0	0	0	0	1	1	0	0	0	0	0	0
PULL	SIMILAR	1	1	0	0	0	0	0	0	0	0	0	0
PULL	RULE	1	1	0	0	0	0	0	0	0	0	0	0
PULL	BUILD	1	1	0	0	0	0	0	0	0	0	0	0
SHARP	BITTER	2	2	0	0	1	1	0	0	0	0	0	0
SHARP	CLEVER	12	12	0	0	1	1	0	0	0	0	0	0
SHARP	BRAVE	0	0	0	0	2	2	0	0	2	2	0	0
SHARP	HOT	1	1	0	0	1	1	0	0	0	0	0	0
SHARP	BAD	1	1	0	0	0	0	0	0	0	0	0	0
SHARP	IRON	1	1	0	0	0	0	0	0	0	0	0	0
FALL	COME	0	0	0	0	1	1	0	0	0	0	0	0
FALL	BE BORN	0	0	0	0	1	1	0	0	0	0	6	3
FALL	AUTUMN	2	1	1	0	0	0	0	0	0	0	0	0
FALL	CHEAP	3	3	0	0	0	0	0	0	0	0	0	0
WHITE	CLEVER	0	0	0	0	1	1	0	0	5	3	0	0
WHITE	SILVER	4	2	2	0	2	1	0	1	8	7	0	0
WHITE	IRON	0	0	0	0	1	0	0	1	0	0	0	0
WHITE	BEAUTIFUL	0	0	0	0	1	1	0	0	0	0	0	0
WHITE	CLEAN	2	2	0	0	2	1	0	1	0	0	4	4
WHITE	MILK	5	4	1	0	1	0	0	1	0	0	0	0
WHITE	EMPTY	3	3	0	0	0	0	0	0	0	0	0	0
WHITE	INNOCENT	1	1	0	0	1	1	0	0	0	0	0	0
WHITE	WHEAT	2	0	2	0	0	0	0	0	4	3	0	0
WHITE	GOOD	1	1	0	0	1	1	0	0	0	0	0	0
WHITE	EGG	0	0	0	0	1	0	1	0	0	0	0	0
NOSE	CAPE	10	10	0	0	6	5	1	0	7	5	8	5
NOSE	NOSTRIL	7	3	4	0	8	7	1	0	149	37	6	2
NOSE	FACE	1	0	1	0	2	0	1	1	4	3	0	0
NOSE	BEAK	2	2	0	0	9	8	0	1	8	4	26	17
NOSE	CORNER	0	0	0	0	1	1	0	0	0	0	0	0
NOSE	NASAL MUCUS (SNOT)	0	0	0	0	3	3	0	0	28	15	10	5
NOSE	END (OF SPACE)	1	1	0	0	1	1	0	0	0	0	2	2
NOSE	MOUTH	0	0	0	0	1	0	0	1	0	0	0	0
NOSE	BRAIN	0	0	0	0	1	1	0	0	0	0	0	0
NOSE	PENIS	0	0	0	0	1	1	0	0	0	0	0	0
NOSE	CHEEK	0	0	0	0	1	0	0	1	0	0	0	0
BLACK	BURNING	0	0	0	0	1	0	0	1	0	0	0	0
BLACK	BAD	7	6	1	0	0	0	0	0	0	0	0	0
BLACK	BRUISE	0	0	0	0	1	0	1	0	3	3	0	0
BLACK	WOMAN	0	0	0	0	1	1	0	0	0	0	0	0
BLACK	MANY	1	1	0	0	1	1	0	0	0	0	0	0
BLACK	PRIEST	4	1	2	1	1	0	1	0	2	2	0	0
BLACK	BEAUTIFUL	0	0	0	0	1	1	0	0	0	0	0	0
BLACK	SEASON	0	0	0	0	1	1	0	0	0	0	0	0
BLACK	BLUE	0	0	0	0	3	3	0	0	2	2	3	3
THROW	LEAVE	8	8	0	0	5	4	1	0	4	2	2	2
THROW	LIE (MISLEAD)	0	0	0	0	1	1	0	0	4	3	0	0
THROW	RUN	1	1	0	0	3	0	3	0	0	0	0	0
THROW	JUMP	0	0	0	0	1	1	0	0	3	3	2	2
THROW	TEAR (SHRED)	0	0	0	0	2	1	0	1	0	0	0	0
THROW	SHOOT	2	2	0	0	7	7	0	0	8	4	20	10
THROW	SPEAK	2	2	0	0	0	0	0	0	0	0	0	0
THROW	KICK	1	1	0	0	0	0	0	0	0	0	0	0
THROW	COPULATE	1	1	0	0	0	0	0	0	0	0	0	0
THROW	PAINTING	1	1	0	0	0	0	0	0	0	0	0	0
THROW	SOW SEEDS	4	4	0	0	19	19	0	0	6	3	5	5
RED	BEAUTIFUL	0	0	0	0	4	3	0	1	0	0	0	0
RED	RISE (MOVE UPWARDS)	0	0	0	0	1	1	0	0	0	0	0	0
RED	GOLD	1	0	0	1	3	2	0	1	0	0	0	0
RED	RICH	1	1	0	0	0	0	0	0	0	0	0	0
RED	NAKED	1	1	0	0	0	0	0	0	0	0	0	0
RED	YOLK	1	0	1	0	0	0	0	0	16	7	0	0
RED	WORM	0	0	0	0	2	0	2	0	0	0	0	0
RED	BLOOD	1	0	1	0	4	2	2	0	0	0	3	3
RED	BLUE	0	0	0	0	3	3	0	0	0	0	0	0
BIG	HEAVY	0	0	0	0	1	1	0	0	0	0	0	0
BIG	THICK	0	0	0	0	1	1	0	0	4	4	8	7
BIG	BRAVE	0	0	0	0	1	1	0	0	13	7	2	2
BIG	THUMB	1	0	1	0	1	0	1	0	47	17	0	0
BIG	LOUD	1	1	0	0	2	2	0	0	27	6	17	4
BIG	TALL	3	3	0	0	0	0	0	0	2	2	17	8
BIG	PROUD	1	1	0	0	0	0	0	0	9	5	0	0
BIG	PREGNANT	0	0	0	0	1	1	0	0	3	3	0	0
BIG	HEALTHY	0	0	0	0	1	1	0	0	0	0	0	0
BIG	HORSE	0	0	0	0	2	2	0	0	0	0	0	0
BIG	FATHER	0	0	0	0	4	4	0	0	0	0	0	0
TAIL	END (OF SPACE)	5	4	1	0	1	1	0	0	3	2	4	3
TAIL	BUTTOCKS	0	0	0	0	1	1	0	0	0	0	5	3
TAIL	RUDDER	0	0	0	0	2	2	0	0	12	3	0	0
TAIL	BEHIND	1	0	1	0	0	0	0	0	0	0	0	0
TAIL	PENIS	4	3	0	1	3	3	0	0	0	0	7	3
TAIL	FOLLOW	1	0	1	0	0	0	0	0	0	0	0	0
TAIL	BRAID	1	1	0	0	0	0	0	0	3	2	0	0
TAIL	NAVEL	1	1	0	0	0	0	0	0	0	0	0	0
TAIL	FOX	1	0	1	0	1	0	0	1	0	0	0	0
STRAIGHT	RIGHT	1	0	1	0	3	3	0	0	6	5	12	6
STRAIGHT	CORRECT (RIGHT)	4	4	0	0	9	9	0	0	8	4	63	18
STRAIGHT	EASY	1	0	0	1	0	0	0	0	0	0	0	0
STRAIGHT	HEALTHY	0	0	0	0	2	0	2	0	0	0	0	0
STRAIGHT	IMMEDIATELY	0	0	0	0	1	0	1	0	0	0	0	0
FOLLOW	SIMILAR	12	12	0	0	2	2	0	0	0	0	0	0
FOLLOW	FRIEND	1	0	1	0	0	0	0	0	0	0	0	0
FOLLOW	COPULATE	1	1	0	0	0	0	0	0	0	0	0	0
FOLLOW	NEAR	1	1	0	0	0	0	0	0	0	0	0	0
FOLLOW	READ	1	1	0	0	0	0	0	0	0	0	0	0
FOLLOW	HELP	1	1	0	0	0	0	0	0	0	0	0	0
THIN (OF SHAPE OF OBJECT)	LIGHT (COLOR)	0	0	0	0	1	1	0	0	0	0	0	0
THIN (OF SHAPE OF OBJECT)	NARROW	0	0	0	0	1	1	0	0	4	4	23	17
THIN (OF SHAPE OF OBJECT)	YOUNG	1	1	0	0	0	0	0	0	0	0	0	0
THIN (OF SHAPE OF OBJECT)	SMALL	0	0	0	0	1	0	0	1	0	0	5	5
THIN (OF SHAPE OF OBJECT)	BACK	1	0	1	0	0	0	0	0	0	0	0	0
HOT	SHARP	0	0	0	0	1	1	0	0	0	0	0	0
HOT	FEVER	5	3	2	0	4	3	1	0	21	9	14	11
HOT	DIFFICULT	1	1	0	0	0	0	0	0	0	0	0	0
HOT	DRUNK	2	2	0	0	0	0	0	0	0	0	0	0
HOT	BITTER	0	0	0	0	1	1	0	0	0	0	0	0
HEAVY	STUPID	0	0	0	0	1	1	0	0	0	0	0	0
HEAVY	DIFFICULT	10	10	0	0	10	10	0	0	0	0	35	5
HEAVY	EXPENSIVE	3	2	0	1	3	3	0	0	0	0	4	3
HEAVY	PREGNANT	18	12	5	1	4	4	0	0	6	4	8	5
HEAVY	BAD	1	1	0	0	2	2	0	0	0	0	0	0
HEAVY	SLOW	0	0	0	0	2	2	0	0	0	0	0	0
HEAVY	RICH	0	0	0	0	1	1	0	0	0	0	0	0
HEAVY	BIG	0	0	0	0	1	1	0	0	0	0	0	0
TOUCH	TASTE (SOMETHING)	0	0	0	0	1	1	0	0	0	0	0	0
TOUCH	SEIZE	0	0	0	0	1	1	0	0	0	0	2	2
TOUCH	RUN	1	0	0	1	0	0	0	0	0	0	0	0
TOUCH	MAD	2	0	2	0	0	0	0	0	0	0	0	0
TOUCH	TRY	0	0	0	0	1	1	0	0	0	0	3	3
TOUCH	RELATIVES	0	0	0	0	1	1	0	0	0	0	0	0
SEIZE	UNDERSTAND	29	22	3	4	19	18	0	1	7	2	0	0
SEIZE	LIGHT (IGNITE)	0	0	0	0	2	1	0	1	7	6	0	0
SEIZE	LEARN	1	1	0	0	0	0	0	0	2	2	0	0
SEIZE	SERVANT	1	0	1	0	0	0	0	0	0	0	0	0
SEIZE	EAT	1	1	0	0	1	1	0	0	2	2	0	0
SEIZE	STEAL	5	5	0	0	0	0	0	0	0	0	0	0
SEIZE	TOUCH	0	0	0	0	1	1	0	0	4	4	2	2
SEIZE	FRIEND	0	0	0	0	1	0	0	1	0	0	0	0
SEIZE	LIFT	0	0	0	0	1	1	0	0	5	3	0	0
GO OUT	DISAPPEAR	0	0	0	0	1	1	0	0	0	0	0	0
GO OUT	RISE (MOVE UPWARDS)	3	3	0	0	3	2	1	0	0	0	4	3
GO OUT	GO UP (ASCEND)	2	2	0	0	2	2	0	0	0	0	2	2
CUT	STRIKE OR BEAT	0	0	0	0	1	1	0	0	0	0	0	0
CUT	UNDERSTAND	1	1	0	0	0	0	0	0	0	0	0	0
CUT	PAIN	5	4	1	0	4	4	0	0	0	0	0	0
CUT	COPULATE	1	1	0	0	0	0	0	0	0	0	0	0
CUT	MOW	1	1	0	0	5	3	0	2	10	8	31	11
CUT	POOR	1	1	0	0	0	0	0	0	0	0	0	0
DRY	HARD	0	0	0	0	2	2	0	0	0	0	0	0
DRY	LAND	4	1	3	0	0	0	0	0	0	0	0	0
DRY	BAD	0	0	0	0	1	1	0	0	0	0	0	0
DRY	DIRTY	0	0	0	0	1	1	0	0	0	0	0	0
COLD	WINTER	0	0	0	0	2	1	0	1	39	12	4	4
COLD	SLOW	1	1	0	0	0	0	0	0	0	0	0	0
COLD	STUPID	1	1	0	0	2	1	1	0	0	0	0	0
SNAKE	FRESHWATER EEL	3	0	3	0	2	2	0	0	16	7	0	0
SNAKE	LIZARD	0	0	0	0	1	0	0	1	8	5	0	0
SNAKE	PENIS	1	0	0	1	0	0	0	0	0	0	0	0
SNAKE	RAINBOW	0	0	0	0	1	1	0	0	3	3	0	0
SNAKE	WORM	0	0	0	0	9	6	0	3	13	6	13	3
HEART	BRAVE	9	4	5	0	2	1	0	1	6	6	0	0
HEART	INTESTINES	4	4	0	0	0	0	0	0	0	0	0	0
HEART	MIND	1	1	0	0	1	1	0	0	4	4	7	6
HEART	INSIDE	1	1	0	0	3	3	0	0	0	0	0	0
HEART	CHEST	0	0	0	0	1	1	0	0	10	3	4	4
HEART	KIDNEY	0	0	0	0	1	0	0	1	0	0	0	0
HEALTHY	STRAIGHT	0	0	0	0	2	0	2	0	0	0	0	0
HEALTHY	CLEVER	0	0	0	0	1	1	0	0	0	0	0	0
HEALTHY	CLEAN	0	0	0	0	1	1	0	0	0	0	0	0
HEALTHY	GREEN	0	0	0	0	1	1	0	0	0	0	0	0
HEALTHY	CORRECT (RIGHT)	0	0	0	0	9	8	0	1	2	2	4	4
HEALTHY	BIG	0	0	0	0	1	1	0	0	0	0	0	0
HEALTHY	SUN	0	0	0	0	1	1	0	0	0	0	0	0
HEALTHY	BRAVE	1	1	0	0	0	0	0	0	0	0	0	0
HEALTHY	HAPPY	0	0	0	0	3	3	0	0	0	0	2	2
WIND	AIR	1	1	0	0	11	10	0	1	4	3	39	25
WIND	WINDOW	3	0	3	0	0	0	0	0	0	0	0	0
WIND	ANGER	1	1	0	0	0	0	0	0	0	0	0	0
WIND	SAILCLOTH	3	0	3	0	3	1	2	0	4	2	0	0
WIND	SOUL	1	0	1	0	1	1	0	0	0	0	2	2
WIND	AUTUMN	0	0	0	0	1	1	0	0	0	0	0	0
WEAK	WET	0	0	0	0	2	2	0	0	0	0	0	0
WEAK	BAD	5	5	0	0	1	0	0	1	0	0	0	0
WEAK	SLOW	0	0	0	0	1	0	0	1	0	0	0	0
WEAK	STUPID	2	1	0	1	4	3	0	1	0	0	0	0
WEAK	POOR	0	0	0	0	3	3	0	0	0	0	0	0
WEAK	LAZY	0	0	0	0	3	3	0	0	0	0	5	5
WEAK	PREGNANT	1	1	0	0	0	0	0	0	0	0	0	0
WEAK	LOW	0	0	0	0	1	1	0	0	0	0	0	0
WEAK	SOFT	0	0	0	0	4	4	0	0	2	2	14	8
PRESS	GUESS	0	0	0	0	1	1	0	0	0	0	0	0
PRESS	APPROACH	0	0	0	0	2	2	0	0	0	0	0	0
PRESS	CHOKE	0	0	0	0	1	0	0	1	3	2	0	0
PRESS	SUCK	1	1	0	0	0	0	0	0	0	0	0	0
PRESS	BRAVE	0	0	0	0	1	1	0	0	0	0	0	0
PRESS	GREEDY	2	0	2	0	0	0	0	0	0	0	0	0
STONE OR ROCK	GLASS	2	2	0	0	0	0	0	0	0	0	2	2
STONE OR ROCK	EYE	0	0	0	0	3	2	0	1	0	0	0	0
STONE OR ROCK	PRISON	1	1	0	0	0	0	0	0	0	0	0	0
STONE OR ROCK	SKY	1	1	0	0	0	0	0	0	0	0	0	0
STONE OR ROCK	COLOR	1	1	0	0	0	0	0	0	0	0	0	0
STONE OR ROCK	TESTICLES	3	3	0	0	0	0	0	0	3	2	4	2
STONE OR ROCK	FOREHEAD	0	0	0	0	1	1	0	0	0	0	0	0
SKY	TOP	0	0	0	0	2	2	0	0	0	0	6	5
SKY	YEAR	0	0	0	0	1	1	0	0	0	0	6	2
SKY	BLUE	1	1	0	0	3	1	2	0	17	2	0	0
SKY	WEATHER	2	1	1	0	5	4	1	0	5	5	7	4
SKY	GOD	1	0	1	0	9	8	0	1	9	8	4	3
SKY	DAY (NOT NIGHT)	1	1	0	0	1	1	0	0	0	0	2	2
SKY	WORLD	0	0	0	0	1	1	0	0	11	3	2	2
SKY	CLOUD	1	1	0	0	4	1	0	3	18	14	15	6
SKY	LIGHT (RADIATION)	0	0	0	0	1	1	0	0	6	4	0	0
SMALL	THIN (OF SHAPE OF OBJECT)	0	0	0	0	1	0	0	1	3	3	5	5
SMALL	SLOW	1	0	1	0	0	0	0	0	2	2	0	0
SMALL	YOUNG	3	3	0	0	1	1	0	0	5	4	12	10
SMALL	GIRL	1	0	1	0	0	0	0	0	13	10	0	0
SMALL	BOY	1	0	1	0	0	0	0	0	16	11	0	0
SMALL	STUPID	1	1	0	0	0	0	0	0	0	0	0	0
SMALL	GRIND	0	0	0	0	2	0	1	1	0	0	0	0
GREEN	YELLOW	1	1	0	0	25	23	0	2	2	2	8	8
GREEN	PLANT (VEGETATION)	7	5	2	0	1	0	1	0	0	0	0	0
GREEN	YOUNG	6	5	1	0	5	5	0	0	0	0	0	0
GREEN	RAW	0	0	0	0	1	1	0	0	0	0	7	7
GREEN	UNRIPE	4	4	0	0	1	1	0	0	3	3	75	19
GREEN	HEALTHY	0	0	0	0	1	1	0	0	0	0	0	0
GREEN	LEAF	1	0	0	1	0	0	0	0	0	0	0	0
GREEN	GRASS	0	0	0	0	1	0	0	1	2	2	0	0
GREEN	BLUE	0	0	0	0	1	1	0	0	0	0	56	29
EMPTY	CLEAN	0	0	0	0	2	2	0	0	0	0	0	0
EMPTY	STUPID	1	1	0	0	1	1	0	0	0	0	0	0
EMPTY	THIN (OF SHAPE OF OBJECT)	1	0	0	1	0	0	0	0	0	0	2	2
EMPTY	POOR	1	1	0	0	0	0	0	0	3	3	0	0
EMPTY	NAKED	0	0	0	0	2	2	0	0	5	5	0	0
EMPTY	ONLY	0	0	0	0	3	2	0	1	2	2	0	0
BACK	SHOULDER	0	0	0	0	2	1	0	1	2	2	5	5
BACK	BEHIND	6	4	1	1	3	1	1	1	22	12	11	5
BACK	HARD	1	0	1	0	1	0	1	0	0	0	0	0
BACK	RIB	0	0	0	0	1	0	1	0	0	0	0	0
GO UP (ASCEND)	GO OUT	0	0	0	0	2	2	0	0	5	2	2	2
GO UP (ASCEND)	RISE (MOVE UPWARDS)	3	3	0	0	0	0	0	0	10	10	60	24
GO UP (ASCEND)	DIFFICULT	0	0	0	0	1	1	0	0	0	0	0	0
FACE	MOUTH	0	0	0	0	7	6	0	1	0	0	7	3
FACE	EYE	0	0	0	0	2	1	1	0	6	3	25	10
FACE	CHEEK	1	1	0	0	8	5	0	3	21	12	14	10
FACE	MANNER	0	0	0	0	2	2	0	0	2	2	0	0
FACE	SIDE	0	0	0	0	1	1	0	0	2	2	0	0
FACE	RULE	1	1	0	0	0	0	0	0	0	0	0	0
FACE	NOSE	0	0	0	0	2	0	1	1	0	0	0	0
DOG	PROSTITUTE	3	2	1	0	3	2	0	1	0	0	0	0
DOG	WOLF	1	1	0	0	0	0	0	0	32	10	0	0
DOG	FLEA	1	1	0	0	0	0	0	0	13	10	0	0
DOG	HORSE	2	1	1	0	0	0	0	0	2	2	0	0
DOG	MOON	0	0	0	0	4	4	0	0	0	0	0	0
WEATHER	AIR	0	0	0	0	6	6	0	0	0	0	44	8
WEATHER	GOD	1	1	0	0	0	0	0	0	3	2	0	0
WEATHER	TIME	0	0	0	0	6	6	0	0	0	0	28	11
WEATHER	AGE	0	0	0	0	1	1	0	0	0	0	2	2
WEATHER	SKY	0	0	0	0	5	4	1	0	4	2	7	4
WEATHER	DAY (NOT NIGHT)	0	0	0	0	2	2	0	0	0	0	10	8
WEATHER	WORLD	0	0	0	0	1	1	0	0	5	3	7	5
TREE	FIREWOOD	0	0	0	0	2	2	0	0	16	8	10	10
TREE	WOOD	0	0	0	0	4	4	0	0	15	10	105	38
TREE	FOREST	0	0	0	0	2	2	0	0	22	13	12	5
TREE	CLUB	0	0	0	0	3	1	0	2	16	10	10	10
TREE	SPEAR	1	1	0	0	1	1	0	0	0	0	0	0
TREE	FIRE	10	1	9	0	36	34	1	1	0	0	0	0
TREE	OAK	0	0	0	0	1	0	0	1	31	8	0	0
SPEAK	READ	0	0	0	0	3	2	0	1	12	10	2	2
SPEAK	SHOW	0	0	0	0	3	0	0	3	4	2	0	0
SPEAK	PROMISE	1	1	0	0	0	0	0	0	7	6	0	0
SPEAK	SHAKE	0	0	0	0	1	1	0	0	2	2	0	0
SPEAK	STRIKE OR BEAT	0	0	0	0	1	1	0	0	2	2	0	0
SPEAK	PLAY	0	0	0	0	2	2	0	0	0	0	2	2
SPEAK	GRIND	0	0	0	0	2	2	0	0	0	0	0	0
SPEAK	THROW	0	0	0	0	0	0	0	0	0	0	0	0
GET	FIND	0	0	0	0	2	2	0	0	7	4	20	11
GET	TAKE	0	0	0	0	10	10	0	0	2	2	51	18
GET	HEAR	1	1	0	0	0	0	0	0	12	5	0	0
GET	CATTLE	0	0	0	0	2	0	2	0	0	0	0	0
GET	COME	0	0	0	0	3	3	0	0	0	0	8	2
FLOW	STRIKE OR BEAT	0	0	0	0	1	1	0	0	0	0	0	0
FLOW	CRY	0	0	0	0	1	1	0	0	0	0	0	0
FLOW	ISLAND	0	0	0	0	2	0	2	0	0	0	0	0
FLOW	FLOAT	0	0	0	0	2	2	0	0	8	4	16	6
FLOW	RUN	0	0	0	0	12	7	0	5	0	0	18	6
THICK	LOUD	1	1	0	0	0	0	0	0	0	0	0	0
THICK	STUPID	1	1	0	0	0	0	0	0	0	0	0	0
THICK	BIG	3	1	0	2	1	1	0	0	0	0	8	7
THICK	ROUGH	1	1	0	0	0	0	0	0	0	0	0	0
THICK	DIFFICULT	1	1	0	0	0	0	0	0	0	0	0	0
THICK	HARD	0	0	0	0	1	1	0	0	0	0	0	0
MOTHER	WOMAN	0	0	0	0	2	1	0	1	11	5	0	0
MOTHER	WOMB	0	0	0	0	3	0	2	1	13	5	0	0
MOTHER	FATHER	0	0	0	0	2	0	0	2	0	0	0	0
LEAF	GREEN	2	0	2	0	0	0	0	0	2	2	0	0
LEAF	OAR	1	1	0	0	1	1	0	0	0	0	0	0
LEAF	EAR	1	1	0	0	0	0	0	0	0	0	0	0
LEAF	FLOWER	0	0	0	0	2	2	0	0	0	0	0	0
LEAF	MONEY	1	1	0	0	0	0	0	0	0	0	0	0
LEAF	FEATHER	0	0	0	0	1	1	0	0	0	0	13	6
HARD	RAW	0	0	0	0	1	1	0	0	0	0	0	0
HARD	DIFFICULT	3	3	0	0	6	6	0	0	5	3	13	8
HARD	GOOD	1	1	0	0	0	0	0	0	0	0	0	0
HARD	DRY	0	0	0	0	2	2	0	0	0	0	0	0
HARD	THICK	0	0	0	0	1	1	0	0	0	0	0	0
HARD	BACK	0	0	0	0	1	0	1	0	0	0	0	0
GOOD	WET	0	0	0	0	2	2	0	0	0	0	0	0
GOOD	TOP	0	0	0	0	1	1	0	0	2	2	0	0
GOOD	WHITE	0	0	0	0	1	1	0	0	0	0	0	0
GOOD	BRAVE	0	0	0	0	1	1	0	0	0	0	0	0
GOOD	BEAUTIFUL	0	0	0	0	7	6	0	1	39	20	32	18
GOOD	NEW	0	0	0	0	1	1	0	0	0	0	0	0
GOOD	BAD	0	0	0	0	3	2	0	1	23	14	0	0
GOOD	SALT	1	0	1	0	0	0	0	0	0	0	0	0
EAR	HOLE	0	0	0	0	10	9	1	0	0	0	0	0
EAR	GILL	0	0	0	0	1	1	0	0	2	2	2	2
EAR	MIND	0	0	0	0	1	1	0	0	0	0	0	0
EAR	AWL	0	0	0	0	1	1	0	0	0	0	0	0
BRAVE	SHARP	0	0	0	0	2	2	0	0	0	0	0	0
BRAVE	PRESS	0	0	0	0	1	1	0	0	0	0	0	0
BRAVE	YOUNG	0	0	0	0	2	2	0	0	0	0	0	0
BRAVE	HEART	0	0	0	0	2	1	0	1	0	0	0	0
BRAVE	CLEVER	0	0	0	0	2	2	0	0	0	0	0	0
BRAVE	GOOD	1	0	0	1	1	1	0	0	0	0	0	0
BRAVE	BAD	0	0	0	0	1	0	1	0	0	0	0	0
BRAVE	MAN	0	0	0	0	1	0	0	1	0	0	2	2
BRAVE	BIG	0	0	0	0	1	1	0	0	0	0	2	2
BITTER	SHARP	0	0	0	0	1	1	0	0	0	0	0	0
BITTER	HOT	0	0	0	0	1	1	0	0	0	0	0	0
BITTER	BEAUTIFUL	0	0	0	0	2	2	0	0	0	0	0	0
BITTER	POISON	0	0	0	0	4	4	0	0	0	0	3	2
BITTER	PAIN	1	1	0	0	0	0	0	0	0	0	0	0
BITTER	SOUR	0	0	0	0	1	1	0	0	5	5	23	12
BITTER	YELLOW	1	0	0	1	0	0	0	0	0	0	0	0
BITTER	BITE	0	0	0	0	1	0	0	1	0	0	0	0
WING	SAILCLOTH	1	1	0	0	1	1	0	0	0	0	0	0
WING	FIN	5	5	0	0	14	12	1	1	52	12	20	8
WING	SIDE	2	2	0	0	0	0	0	0	0	0	0	0
WING	DEFEND	1	1	0	0	0	0	0	0	0	0	0	0
WING	ARMPIT	0	0	0	0	1	1	0	0	6	5	0	0
WING	FEATHER	0	0	0	0	3	3	0	0	8	7	29	13
WING	OAR	1	1	0	0	0	0	0	0	0	0	0	0
WET	RAW	0	0	0	0	3	3	0	0	0	0	14	4
WET	WEAK	1	1	0	0	2	2	0	0	0	0	0	0
WET	GOOD	1	1	0	0	2	2	0	0	0	0	0	0
WET	WARM	0	0	0	0	1	0	0	1	0	0	0	0
WET	DRUNK	0	0	0	0	1	1	0	0	0	0	0	0
WET	SOFT	0	0	0	0	1	1	0	0	0	0	0	0
WANT	LOOK FOR	1	1	0	0	7	5	1	1	3	3	2	2
WANT	LOVE	2	2	0	0	5	5	0	0	7	5	18	15
WANT	ASK (INQUIRE)	0	0	0	0	3	1	0	2	0	0	0	0
WANT	HUNT	0	0	0	0	4	1	2	1	0	0	0	0
WANT	THING	2	1	1	0	0	0	0	0	0	0	0	0
STAND	SERVANT	0	0	0	0	1	0	1	0	0	0	0	0
STAND	HELP	1	1	0	0	0	0	0	0	0	0	0	0
PUT	LEAVE	0	0	0	0	4	3	1	0	0	0	3	2
PUT	BUILD	1	1	0	0	5	5	0	0	0	0	6	4
PUT	SHIT (DEFECATE)	0	0	0	0	2	2	0	0	2	2	0	0
PUT	BURY	0	0	0	0	1	1	0	0	13	4	0	0
FIND	GET	2	2	0	0	2	2	0	0	0	0	20	11
FIND	MEET	0	0	0	0	6	5	1	0	6	3	30	21
FIND	GO	0	0	0	0	3	1	1	1	0	0	0	0
FIND	SEE	0	0	0	0	1	1	0	0	0	0	21	17
FIND	DIG	0	0	0	0	2	2	0	0	0	0	0	0
FIND	OPEN	0	0	0	0	1	1	0	0	0	0	0	0
EAT	SEIZE	0	0	0	0	1	1	0	0	0	0	0	0
EAT	STRIKE OR BEAT	1	1	0	0	0	0	0	0	2	2	0	0
EAT	DESTROY	2	2	0	0	0	0	0	0	2	2	0	0
EAT	COPULATE	1	1	0	0	0	0	0	0	2	2	0	0
EAT	HELL	1	0	1	0	0	0	0	0	0	0	0	0
EAT	GRIND	0	0	0	0	1	1	0	0	0	0	0	0
EAT	CHEW	0	0	0	0	1	1	0	0	7	7	3	3
EAT	TEAR (SHRED)	0	0	0	0	1	1	0	0	2	2	0	0
DIG	ROW	0	0	0	0	2	0	0	2	0	0	0	0
DIG	FIND	0	0	0	0	2	2	0	0	0	0	0	0
DIG	BURY	0	0	0	0	3	1	0	2	10	3	2	2
DIG	WORM	0	0	0	0	1	0	1	0	0	0	0	0
DIG	KICK	9	9	0	0	1	1	0	0	0	0	0	0
DIG	GO	1	1	0	0	0	0	0	0	0	0	0	0
BURNING	BLACK	0	0	0	0	1	0	0	1	0	0	0	0
ROOT	BRANCH OR TWIG	0	0	0	0	1	1	0	0	0	0	2	2
ROOT	BLOOD VESSEL	1	1	0	0	4	3	0	1	5	4	5	4
ROOT	FAMILY	2	2	0	0	0	0	0	0	0	0	0	0
ROOT	ANCESTORS	1	1	0	0	0	0	0	0	0	0	0	0
NECK	COLLAR	0	0	0	0	1	1	0	0	44	16	35	9
NECK	THROAT	1	1	0	0	7	7	0	0	22	10	37	17
LOW	BAD	1	1	0	0	0	0	0	0	0	0	0	0
LOW	DEEP	1	1	0	0	0	0	0	0	0	0	4	4
LOW	WEAK	0	0	0	0	1	1	0	0	0	0	0	0
FRIEND	LOVE	0	0	0	0	4	0	4	0	0	0	0	0
FRIEND	SEIZE	0	0	0	0	1	0	0	1	0	0	0	0
FRIEND	GUEST	0	0	0	0	1	1	0	0	0	0	0	0
FRIEND	ENEMY	0	0	0	0	2	1	0	1	13	5	0	0
FRIEND	PAIR	0	0	0	0	1	1	0	0	0	0	0	0
FRIEND	YOUNGER BROTHER	0	0	0	0	1	1	0	0	0	0	0	0
FRIEND	YOUNGER SISTER	0	0	0	0	1	0	0	1	0	0	0	0
DARK	HIDE (CONCEAL)	0	0	0	0	2	0	0	2	0	0	0	0
DARK	BAD	0	0	0	0	2	2	0	0	0	0	0	0
DARK	PRISON	1	0	1	0	0	0	0	0	0	0	0	0
DARK	BLIND	1	1	0	0	2	2	0	0	0	0	6	2
DARK	ANIMAL	1	0	1	0	0	0	0	0	0	0	0	0
DARK	DEEP	0	0	0	0	2	2	0	0	0	0	11	3
BRANCH OR TWIG	ROOT	0	0	0	0	1	1	0	0	0	0	2	2
BRANCH OR TWIG	PART	5	5	0	0	5	5	0	0	0	0	0	0
BRANCH OR TWIG	RELATIVES	0	0	0	0	1	1	0	0	0	0	0	0
BLUE	SKY	0	0	0	0	3	1	2	0	0	0	0	0
BLUE	DOVE	0	0	0	0	4	1	3	0	0	0	0	0
BLUE	GREEN	0	0	0	0	1	1	0	0	4	3	56	29
BLUE	BRUISE	8	5	3	0	0	0	0	0	7	5	3	3
BLUE	BLACK	0	0	0	0	3	3	0	0	0	0	3	3
BLUE	BEAUTIFUL	0	0	0	0	1	1	0	0	0	0	0	0
BLUE	DRUNK	2	2	0	0	0	0	0	0	0	0	0	0
BLUE	RED	0	0	0	0	3	3	0	0	0	0	0	0
BAD	WEAK	0	0	0	0	1	0	0	1	2	2	0	0
BAD	DRY	0	0	0	0	1	1	0	0	0	0	0	0
BAD	HEAVY	0	0	0	0	2	2	0	0	0	0	0	0
BAD	STUPID	0	0	0	0	1	0	0	1	0	0	0	0
BAD	GOOD	0	0	0	0	3	2	0	1	0	0	0	0
BAD	BRAVE	1	1	0	0	1	0	1	0	0	0	0	0
BAD	SICK	0	0	0	0	4	4	0	0	0	0	3	3
BAD	DIFFICULT	0	0	0	0	3	3	0	0	4	3	3	3
BAD	DARK	0	0	0	0	2	2	0	0	0	0	0	0
BAD	SMELL (STINK)	0	0	0	0	2	2	0	0	0	0	0	0
BAD	LOUSE	0	0	0	0	2	0	2	0	0	0	0	0
WORM	DIG	0	0	0	0	1	0	1	0	0	0	0	0
WORM	RED	0	0	0	0	2	0	2	0	0	0	0	0
WORM	SNAIL	0	0	0	0	3	2	0	1	4	2	2	2
WORM	INSECT	1	1	0	0	23	22	0	1	5	3	20	8
WORM	SNAKE	1	1	0	0	9	6	0	3	2	2	13	3
WORM	ANT	1	1	0	0	0	0	0	0	0	0	0	0
WORM	FRESHWATER EEL	0	0	0	0	1	0	0	1	2	2	0	0
WOMB	RELATIVES	1	1	0	0	0	0	0	0	0	0	0	0
WOMB	INSIDE	0	0	0	0	1	0	0	1	0	0	3	3
WOMB	MOTHER	0	0	0	0	3	0	2	1	0	0	0	0
WOMB	MOUTH	0	0	0	0	1	1	0	0	0	0	0	0
WOMB	HOUSE	0	0	0	0	1	1	0	0	0	0	0	0
WOMB	NEST	0	0	0	0	4	0	0	4	0	0	0	0
JUMP	THROW	0	0	0	0	1	1	0	0	0	0	2	2
JUMP	RISE (MOVE UPWARDS)	1	1	0	0	0	0	0	0	0	0	0	0
JUMP	DANCE	0	0	0	0	3	3	0	0	11	5	0	0
JUMP	FROG	0	0	0	0	2	0	1	1	0	0	0	0
JUMP	COPULATE	1	1	0	0	1	0	1	0	0	0	0	0
JUMP	FLY (MOVE THROUGH AIR)	0	0	0	0	3	3	0	0	5	2	13	8
OPEN	FIND	1	1	0	0	1	1	0	0	0	0	0	0
OPEN	REST	1	1	0	0	0	0	0	0	0	0	0	0
OPEN	EXPLAIN	1	1	0	0	0	0	0	0	4	3	0	0
OPEN	UNTIE	1	1	0	0	0	0	0	0	3	3	17	9
MIX	SWIM	1	1	0	0	0	0	0	0	0	0	0	0
CARRY	TAKE	0	0	0	0	1	0	0	1	5	4	35	10
CARRY	MOVE	0	0	0	0	1	1	0	0	2	2	0	0
CARRY	PREGNANT	7	2	5	0	2	1	0	1	7	3	2	2
CARRY	STEAL	0	0	0	0	2	0	2	0	0	0	0	0
CARRY	LEAD (GUIDE)	0	0	0	0	1	1	0	0	14	8	30	8
CARRY	HAVE	0	0	0	0	1	1	0	0	0	0	0	0
THROAT	NECK	0	0	0	0	7	7	0	0	2	2	37	17
THROAT	MOUTH	1	0	0	1	0	0	0	0	0	0	3	3
THROAT	FLUTE	0	0	0	0	1	1	0	0	0	0	0	0
SUN	SUNDAY	6	4	2	0	1	1	0	0	23	9	0	0
SUN	DAY (NOT NIGHT)	6	6	0	0	41	39	2	0	7	6	50	22
SUN	EAST	1	1	0	0	0	0	0	0	87	27	0	0
SUN	LIGHTNING	0	0	0	0	1	1	0	0	0	0	0	0
SUN	SAILCLOTH	0	0	0	0	2	2	0	0	0	0	0	0
SUN	TIME	3	3	0	0	1	1	0	0	2	2	0	0
SUN	FIRE	0	0	0	0	3	2	0	1	0	0	0	0
SUN	EYE	0	0	0	0	1	0	0	1	0	0	0	0
SUN	HEALTHY	0	0	0	0	1	1	0	0	0	0	0	0
SLOW	WEAK	0	0	0	0	1	0	0	1	0	0	0	0
SLOW	HEAVY	0	0	0	0	2	2	0	0	0	0	0	0
SLOW	STUPID	2	2	0	0	0	0	0	0	0	0	0	0
SLOW	LAZY	0	0	0	0	2	2	0	0	0	0	6	2
SLOW	LATE	0	0	0	0	2	1	0	1	0	0	12	6
SLOW	BLUNT	0	0	0	0	1	0	0	1	0	0	0	0
SLOW	LIGHT (WEIGHT)	0	0	0	0	1	1	0	0	0	0	0	0
LEFT	SOUTH	0	0	0	0	2	2	0	0	0	0	0	0
LEFT	NORTH	2	1	1	0	4	4	0	0	0	0	0	0
LEFT	WRONG	2	2	0	0	1	1	0	0	0	0	0	0
LEFT	BAD	1	1	0	0	0	0	0	0	0	0	0	0
LEFT	WEST	1	1	0	0	0	0	0	0	0	0	0	0
LEFT	DIFFICULT	0	0	0	0	1	0	1	0	0	0	0	0
FOREHEAD	HEAD	0	0	0	0	3	2	0	1	0	0	0	0
FOREHEAD	STONE OR ROCK	0	0	0	0	1	1	0	0	0	0	0	0
FOREHEAD	SIDE	0	0	0	0	1	1	0	0	0	0	0	0
FOREHEAD	SKULL	0	0	0	0	2	1	0	1	0	0	0	0
FIRE	FLOWER	0	0	0	0	1	1	0	0	0	0	0	0
FIRE	TUESDAY	2	0	2	0	0	0	0	0	0	0	0	0
FIRE	HELL	2	1	0	1	0	0	0	0	18	15	6	5
FIRE	SHOOT	12	12	0	0	0	0	0	0	4	3	0	0
FIRE	SUN	0	0	0	0	3	2	0	1	2	2	0	0
FIRE	TREE	0	0	0	0	36	34	1	1	0	0	0	0
FIRE	FIREPLACE	0	0	0	0	6	6	0	0	56	25	4	4
CLEVER	SHARP	0	0	0	0	1	1	0	0	0	0	0	0
CLEVER	LIGHT (COLOR)	0	0	0	0	2	2	0	0	0	0	0	0
CLEVER	WHITE	0	0	0	0	1	1	0	0	0	0	0	0
CLEVER	HEALTHY	0	0	0	0	1	1	0	0	0	0	0	0
CLEVER	PHYSICIAN	3	3	0	0	0	0	0	0	0	0	0	0
CLEVER	BRAVE	0	0	0	0	2	2	0	0	0	0	0	0
CLEAN	WHITE	0	0	0	0	2	1	0	1	0	0	4	4
CLEAN	BEAUTIFUL	0	0	0	0	2	2	0	0	0	0	8	6
CLEAN	EMPTY	0	0	0	0	2	2	0	0	0	0	0	0
CLEAN	HEALTHY	0	0	0	0	1	1	0	0	0	0	0	0
BEAUTIFUL	WHITE	0	0	0	0	1	1	0	0	0	0	0	0
BEAUTIFUL	GOOD	8	7	0	1	7	6	0	1	4	3	32	18
BEAUTIFUL	RED	0	0	0	0	4	3	0	1	0	0	0	0
BEAUTIFUL	CLEAN	0	0	0	0	2	2	0	0	0	0	8	6
BEAUTIFUL	BITTER	0	0	0	0	2	2	0	0	0	0	0	0
BEAUTIFUL	SMOOTH	0	0	0	0	2	2	0	0	0	0	0	0
BEAUTIFUL	BLACK	0	0	0	0	1	1	0	0	0	0	0	0
BEAUTIFUL	BLUE	0	0	0	0	1	1	0	0	0	0	0	0
SIT	DWELL (LIVE, RESIDE)	3	3	0	0	7	7	0	0	3	2	22	10
SIT	AMBUSH	5	0	5	0	0	0	0	0	6	4	0	0
SIT	REMAIN	0	0	0	0	1	1	0	0	6	3	19	9
SIT	BUTTOCKS	0	0	0	0	1	0	1	0	0	0	0	0
LOOK FOR	TRY	16	15	0	1	3	3	0	0	7	2	0	0
LOOK FOR	ASK (REQUEST)	15	12	1	2	6	6	0	0	0	0	5	3
LOOK FOR	WANT	0	0	0	0	7	5	1	1	0	0	2	2
LOOK FOR	CHOOSE	0	0	0	0	1	1	0	0	2	2	0	0
LOOK FOR	WALK	0	0	0	0	3	3	0	0	0	0	2	2
RUN	THROW	0	0	0	0	3	0	3	0	0	0	0	0
RUN	FLOW	0	0	0	0	12	7	0	5	0	0	18	6
RUN	FLY (MOVE THROUGH AIR)	0	0	0	0	3	3	0	0	0	0	3	3
RUN	SHIT (DEFECATE)	0	0	0	0	1	1	0	0	0	0	0	0
RUN	RAM	0	0	0	0	2	0	2	0	0	0	0	0
RUN	SERVANT	1	0	1	0	0	0	0	0	0	0	0	0
STUPID	WEAK	0	0	0	0	4	3	0	1	0	0	0	0
STUPID	COLD	0	0	0	0	2	1	1	0	0	0	0	0
STUPID	YOUNG	1	1	0	0	2	0	0	2	0	0	0	0
STUPID	HEAVY	0	0	0	0	1	1	0	0	0	0	0	0
STUPID	BAD	0	0	0	0	1	0	0	1	0	0	0	0
STUPID	MAD	0	0	0	0	23	23	0	0	4	4	40	13
STUPID	EASY	0	0	0	0	2	0	1	1	0	0	0	0
STUPID	FLAT	0	0	0	0	1	1	0	0	0	0	0	0
STUPID	EMPTY	0	0	0	0	1	1	0	0	0	0	0	0
STUPID	DEAF	0	0	0	0	16	14	2	0	0	0	0	0
STUPID	BLUNT	0	0	0	0	14	13	1	0	0	0	4	3
STUPID	LAZY	0	0	0	0	4	3	0	1	0	0	0	0
SOFT	WET	0	0	0	0	1	1	0	0	0	0	0	0
SOFT	WEAK	1	1	0	0	4	4	0	0	2	2	14	8
SOFT	SMOOTH	0	0	0	0	4	4	0	0	0	0	15	11
DOOR	MANNER	1	1	0	0	1	1	0	0	0	0	0	0
DIFFICULT	HARD	0	0	0	0	6	6	0	0	0	0	13	8
DIFFICULT	HEAVY	0	0	0	0	10	10	0	0	0	0	35	5
DIFFICULT	EXPENSIVE	0	0	0	0	8	8	0	0	0	0	0	0
DIFFICULT	GO UP (ASCEND)	0	0	0	0	1	1	0	0	2	2	0	0
DIFFICULT	BAD	0	0	0	0	3	3	0	0	0	0	3	3
DIFFICULT	PREGNANT	1	0	0	1	0	0	0	0	2	2	3	2
DIFFICULT	LAZY	0	0	0	0	1	1	0	0	0	0	0	0
DIFFICULT	ROUGH	0	0	0	0	2	2	0	0	0	0	0	0
DIFFICULT	LEFT	0	0	0	0	1	0	1	0	0	0	0	0
DIFFICULT	MANY	0	0	0	0	3	3	0	0	0	0	0	0
DIFFICULT	HOT	0	0	0	0	0	0	0	0	2	2	0	0
CHEEK	FACE	0	0	0	0	8	5	0	3	0	0	14	10
CHEEK	TONGUE	0	0	0	0	1	1	0	0	0	0	0	0
CHEEK	SIDE	0	0	0	0	1	1	0	0	0	0	2	2
CHEEK	BUTTOCKS	1	1	0	0	0	0	0	0	11	4	0	0
CHEEK	JAW	0	0	0	0	9	4	0	5	5	5	16	9
CHEEK	NOSE	0	0	0	0	1	0	0	1	0	0	0	0
CHEEK	SHIELD	1	0	0	1	0	0	0	0	0	0	0	0
CHEEK	CHIN	1	0	0	1	0	0	0	0	0	0	2	2
CAT	LION	0	0	0	0	1	0	0	1	2	2	0	0
CAT	OWL	1	0	1	0	0	0	0	0	10	2	0	0
CAT	FOX	0	0	0	0	1	0	0	1	0	0	0	0
BONE	HORN (ANATOMY)	0	0	0	0	1	1	0	0	0	0	0	0
BONE	YELLOW	0	0	0	0	1	1	0	0	0	0	0	0
BONE	NEEDLE (FOR SEWING)	1	1	0	0	0	0	0	0	3	2	0	0
YELLOW	BONE	0	0	0	0	1	1	0	0	0	0	0	0
YELLOW	GOLD	3	1	1	1	2	1	0	1	4	3	2	2
YELLOW	GREEN	2	0	0	2	25	23	0	2	3	3	8	8
YELLOW	HONEY	0	0	0	0	1	0	0	1	0	0	0	0
YELLOW	BEESWAX	0	0	0	0	2	0	2	0	0	0	0	0
TOP	GOOD	0	0	0	0	1	1	0	0	0	0	0	0
TOP	NORTH	1	1	0	0	4	4	0	0	3	3	0	0
TOP	SKY	0	0	0	0	2	2	0	0	0	0	6	5
TOP	EAST	2	1	1	0	0	0	0	0	0	0	0	0
TOP	BEAK	0	0	0	0	1	0	0	1	0	0	0	0
TOP	HEAD	0	0	0	0	0	0	0	0	3	3	24	10
UNTIE	OPEN	1	1	0	0	0	0	0	0	2	2	17	9
UNTIE	FORGIVE	1	1	0	0	0	0	0	0	0	0	0	0
UNTIE	EXPLAIN	6	6	0	0	0	0	0	0	3	2	3	2
TASTE (SOMETHING)	TRY	1	1	0	0	21	20	1	0	2	2	16	9
TASTE (SOMETHING)	TOUCH	0	0	0	0	1	1	0	0	0	0	0	0
TASTE (SOMETHING)	SMELL (PERCEIVE)	0	0	0	0	1	1	0	0	2	2	4	3
TASTE (SOMETHING)	BITE	0	0	0	0	1	1	0	0	0	0	0	0
TAKE	GET	0	0	0	0	10	10	0	0	9	3	51	18
TAKE	MARRY	3	3	0	0	2	2	0	0	17	8	3	3
TAKE	CARRY	0	0	0	0	1	0	0	1	4	2	35	10
TAKE	BUY	7	6	0	1	4	4	0	0	14	3	40	8
TAKE	DRINK	0	0	0	0	1	1	0	0	0	0	0	0
SING	READ	0	0	0	0	1	1	0	0	0	0	7	5
SING	CRY	0	0	0	0	1	1	0	0	0	0	0	0
SING	ROOSTER	3	1	2	0	1	0	0	1	2	2	0	0
SHOOT	THROW	0	0	0	0	7	7	0	0	0	0	20	10
SHOOT	LIE (MISLEAD)	0	0	0	0	1	1	0	0	0	0	0	0
SHOOT	ASK (REQUEST)	0	0	0	0	1	1	0	0	0	0	0	0
SHOOT	STRIKE OR BEAT	0	0	0	0	10	10	0	0	0	0	6	4
KILL	STRIKE OR BEAT	0	0	0	0	16	14	1	1	4	3	23	10
KILL	SOW SEEDS	0	0	0	0	1	1	0	0	2	2	0	0
KILL	HUNT	0	0	0	0	3	2	1	0	3	3	2	2
KILL	EXTINGUISH	1	1	0	0	0	0	0	0	2	2	12	7
KILL	SINK (DESCEND)	1	0	0	1	0	0	0	0	0	0	0	0
KILL	FINISH	1	1	0	0	5	5	0	0	0	0	0	0
COME	GET	0	0	0	0	3	3	0	0	0	0	8	2
COME	UNDERSTAND	0	0	0	0	1	1	0	0	3	3	0	0
COME	FALL	0	0	0	0	1	1	0	0	4	3	0	0
SMOOTH	SOFT	0	0	0	0	4	4	0	0	0	0	15	11
SMOOTH	BALD	0	0	0	0	1	1	0	0	2	2	0	0
SMOOTH	BEAUTIFUL	0	0	0	0	2	2	0	0	0	0	0	0
PIG	FORBID	0	0	0	0	1	0	0	1	0	0	0	0
NEST	BED	0	0	0	0	11	9	0	2	0	0	5	3
NEST	WOMB	0	0	0	0	4	0	0	4	5	4	0	0
NEST	FAMILY	0	0	0	0	2	1	0	1	0	0	0	0
NEST	BEEHIVE	0	0	0	0	3	3	0	0	31	10	4	4
NEST	SPIDER WEB	0	0	0	0	5	5	0	0	21	9	3	2
NEST	BASKET	0	0	0	0	5	5	0	0	0	0	0	0
NAKED	RAW	1	1	0	0	0	0	0	0	0	0	0	0
NAKED	BALD	0	0	0	0	9	6	2	1	3	3	2	2
NAKED	POOR	2	2	0	0	3	1	1	1	0	0	0	0
NAKED	ONLY	3	3	0	0	0	0	0	0	0	0	0	0
NAKED	EMPTY	2	2	0	0	2	2	0	0	0	0	0	0
MILK	WHITE	1	0	1	0	1	0	0	1	0	0	0	0
MILK	CHEST	0	0	0	0	1	1	0	0	0	0	0	0
MILK	SAP	2	2	0	0	0	0	0	0	3	3	0	0
LIGHT (WEIGHT)	CHEAP	0	0	0	0	3	3	0	0	2	2	2	2
LIGHT (WEIGHT)	EASY	5	5	0	0	11	11	0	0	0	0	67	6
LIGHT (WEIGHT)	LUNG	4	0	4	0	3	0	2	1	4	3	5	3
LIGHT (WEIGHT)	SLOW	0	0	0	0	1	1	0	0	0	0	0	0
LIGHT (COLOR)	CLEVER	1	1	0	0	2	2	0	0	0	0	0	0
LIGHT (COLOR)	MORNING	0	0	0	0	2	0	1	1	0	0	0	0
LIGHT (COLOR)	BIRCH	0	0	0	0	1	0	0	1	0	0	0	0
LIGHT (COLOR)	LOUD	1	1	0	0	2	2	0	0	0	0	0	0
LIGHT (COLOR)	SHALLOW	0	0	0	0	1	1	0	0	0	0	0	0
LIGHT (COLOR)	THIN (OF SHAPE OF OBJECT)	0	0	0	0	1	1	0	0	0	0	0	0
HEEL	EDGE	3	2	1	0	0	0	0	0	0	0	0	0
HEEL	BEHIND	1	1	0	0	1	1	0	0	0	0	0	0
HEEL	END (OF SPACE)	0	0	0	0	1	1	0	0	0	0	0	0
HEEL	FOOTPRINT	0	0	0	0	1	1	0	0	0	0	0	0
HEEL	CORNER	0	0	0	0	1	1	0	0	0	0	0	0
GREEDY	POOR	0	0	0	0	1	1	0	0	0	0	0	0
GREEDY	DEAF	0	0	0	0	2	2	0	0	0	0	0	0
GREEDY	EXPENSIVE	0	0	0	0	1	0	0	1	0	0	0	0
GREEDY	STEAL	0	0	0	0	1	0	0	1	0	0	0	0
FLOWER	COLOR	0	0	0	0	3	1	0	2	0	0	0	0
FLOWER	FIRE	0	0	0	0	1	1	0	0	0	0	0	0
FLOWER	YOLK	0	0	0	0	1	1	0	0	2	2	0	0
FLOWER	GIRL	1	1	0	0	0	0	0	0	0	0	0	0
FLOWER	LEAF	0	0	0	0	2	2	0	0	0	0	0	0
EGG	TESTICLES	9	8	1	0	5	3	0	2	24	12	21	11
EGG	WHITE	0	0	0	0	1	0	1	0	0	0	0	0
EGG	POTATO	4	2	2	0	0	0	0	0	0	0	0	0
DRUNK	WET	0	0	0	0	1	1	0	0	0	0	0	0
DRUNK	WARM	0	0	0	0	1	1	0	0	0	0	0	0
DRUNK	FULL	1	1	0	0	1	1	0	0	0	0	3	2
DEEP	TALL	0	0	0	0	1	1	0	0	0	0	6	5
DEEP	RICH	0	0	0	0	1	1	0	0	0	0	0	0
DEEP	LOW	1	1	0	0	0	0	0	0	2	2	4	4
DEEP	DARK	0	0	0	0	2	2	0	0	0	0	11	3
COMB	ARROW	0	0	0	0	1	1	0	0	0	0	0	0
COMB	FIN	0	0	0	0	1	1	0	0	0	0	0	0
CHEST	HEART	0	0	0	0	1	1	0	0	2	2	4	4
CHEST	MILK	0	0	0	0	1	1	0	0	0	0	0	0
CHEST	WOMB	1	1	0	0	0	0	0	0	0	0	0	0
BUTTOCKS	SIT	0	0	0	0	1	0	1	0	0	0	0	0
BUTTOCKS	BOTTOM	0	0	0	0	6	5	0	1	0	0	11	7
BUTTOCKS	EDGE	0	0	0	0	1	1	0	0	0	0	0	0
BUTTOCKS	TAIL	0	0	0	0	1	1	0	0	0	0	5	3
BUTTOCKS	CHEEK	0	0	0	0	0	0	0	0	2	2	0	0
WORD	SPEECH	0	0	0	0	3	2	0	1	20	10	15	5
WORD	THING	6	4	0	2	0	0	0	0	0	0	3	2
WORD	LANGUAGE	0	0	0	0	1	1	0	0	5	5	62	33
WOLF	INSECT	0	0	0	0	2	2	0	0	0	0	0	0
WINTER	STORM	0	0	0	0	4	4	0	0	2	2	0	0
WINTER	NORTH	2	1	1	0	1	1	0	0	0	0	0	0
WINTER	YEAR	4	3	0	1	2	2	0	0	2	2	4	4
WINTER	COLD	0	0	0	0	2	1	0	1	0	0	4	4
WINTER	SNOW	0	0	0	0	1	1	0	0	0	0	2	2
TOOTH	SWORD	1	0	1	0	0	0	0	0	0	0	0	0
TOOTH	HAMMER	0	0	0	0	2	2	0	0	0	0	0	0
TONGUE	SPEECH	4	4	0	0	8	7	1	0	0	0	0	0
TONGUE	CAPE	2	2	0	0	0	0	0	0	0	0	0	0
TONGUE	CHEEK	0	0	0	0	1	1	0	0	0	0	0	0
SOW SEEDS	THROW	0	0	0	0	19	19	0	0	0	0	5	5
SOW SEEDS	KILL	0	0	0	0	1	1	0	0	0	0	0	0
SOW SEEDS	CAUSE	1	1	0	0	7	7	0	0	0	0	0	0
PLAY	FRIEND	1	0	1	0	0	0	0	0	0	0	0	0
PLAY	SPEAK	2	2	0	0	2	2	0	0	0	0	2	2
GRIND	SMALL	0	0	0	0	2	0	1	1	0	0	0	0
GRIND	SPEAK	0	0	0	0	2	2	0	0	0	0	0	0
GRIND	EAT	0	0	0	0	1	1	0	0	0	0	0	0
GRIND	DESTROY	2	2	0	0	0	0	0	0	0	0	0	0
GRIND	LEARN	1	1	0	0	0	0	0	0	0	0	0	0
HOLD	LAST (ENDURE)	0	0	0	0	2	2	0	0	0	0	0	0
HOLD	BUILD	0	0	0	0	3	3	0	0	0	0	0	0
HOLD	DEFEND	1	1	0	0	0	0	0	0	4	3	0	0
HOLD	PROMISE	0	0	0	0	1	1	0	0	6	2	0	0
FLY (MOVE THROUGH AIR)	RUN	2	2	0	0	3	3	0	0	0	0	3	3
FLY (MOVE THROUGH AIR)	JUMP	0	0	0	0	3	3	0	0	4	2	13	8
FLY (MOVE THROUGH AIR)	BIRD	0	0	0	0	2	0	2	0	2	2	0	0
FLY (MOVE THROUGH AIR)	CLOUD	1	0	1	0	0	0	0	0	0	0	0	0
FLY (MOVE THROUGH AIR)	SWIM	0	0	0	0	1	1	0	0	0	0	0	0
FLOAT	FLOW	0	0	0	0	2	2	0	0	2	2	16	6
ENTER	COPULATE	0	0	0	0	1	1	0	0	2	2	0	0
BITE	STRIKE OR BEAT	0	0	0	0	1	1	0	0	0	0	0	0
BITE	BITTER	0	0	0	0	1	0	0	1	0	0	0	0
BITE	PART	0	0	0	0	2	1	1	0	0	0	0	0
BITE	TASTE (SOMETHING)	0	0	0	0	1	1	0	0	0	0	0	0
BE BORN	FALL	0	0	0	0	1	1	0	0	0	0	6	3
BE BORN	PEOPLE	0	0	0	0	4	2	2	0	0	0	0	0
BE BORN	DWELL (LIVE, RESIDE)	0	0	0	0	1	1	0	0	0	0	0	0
BE BORN	RISE (MOVE UPWARDS)	0	0	0	0	1	1	0	0	0	0	0	0
TIME	WEATHER	2	2	0	0	6	6	0	0	4	4	28	11
TIME	HOUR	0	0	0	0	3	2	0	1	0	0	27	13
TIME	SUN	0	0	0	0	1	1	0	0	0	0	0	0
SOUR	SALTY	0	0	0	0	1	1	0	0	0	0	8	8
SOUR	BITTER	0	0	0	0	1	1	0	0	0	0	23	12
SOUR	PROUD	1	1	0	0	0	0	0	0	0	0	0	0
RIGHT	THIEF	0	0	0	0	1	1	0	0	0	0	0	0
RIGHT	SOUTH	4	4	0	0	4	4	0	0	2	2	3	2
RIGHT	LIVER	1	0	1	0	0	0	0	0	0	0	0	0
RIGHT	CORRECT (RIGHT)	0	0	0	0	4	4	0	0	2	2	15	5
RIGHT	STRAIGHT	0	0	0	0	3	3	0	0	2	2	12	6
PINE	OAK	0	0	0	0	1	0	0	1	0	0	0	0
PINE	FIR	1	1	0	0	0	0	0	0	6	4	16	5
OAK	ACORN	0	0	0	0	2	2	0	0	29	7	19	4
OAK	TREE	0	0	0	0	1	0	0	1	0	0	0	0
OAK	PINE	1	0	0	1	1	0	0	1	0	0	0	0
OAK	BEECH	0	0	0	0	1	0	0	1	0	0	0	0
NAVEL	BOTTOM	1	1	0	0	0	0	0	0	0	0	0	0
NAVEL	WHIRLPOOL	1	1	0	0	0	0	0	0	0	0	0	0
LOUD	LIGHT (COLOR)	1	0	0	1	2	2	0	0	0	0	0	0
LOUD	BIG	0	0	0	0	2	2	0	0	0	0	17	4
LOUD	TALL	0	0	0	0	6	6	0	0	0	0	22	4
LAZY	WEAK	0	0	0	0	3	3	0	0	0	0	5	5
LAZY	DIFFICULT	0	0	0	0	1	1	0	0	0	0	0	0
LAZY	SLOW	0	0	0	0	2	2	0	0	0	0	6	2
LAZY	STUPID	0	0	0	0	4	3	0	1	0	0	0	0
LAZY	ROTTEN	0	0	0	0	1	1	0	0	0	0	0	0
KNEE	CORNER	1	0	1	0	2	1	0	1	0	0	0	0
KNEE	CIRCLE	0	0	0	0	1	1	0	0	0	0	0	0
KNEE	ELBOW	0	0	0	0	1	1	0	0	5	5	6	6
KNEE	ANKLE	0	0	0	0	1	0	0	1	0	0	3	3
IRON	WHITE	0	0	0	0	1	0	0	1	0	0	0	0
IRON	WEAPONS	3	3	0	0	0	0	0	0	2	2	0	0
IRON	BLACK	1	1	0	0	0	0	0	0	0	0	0	0
INSECT	WORM	0	0	0	0	23	22	0	1	6	4	20	8
INSECT	WOLF	0	0	0	0	2	2	0	0	2	2	0	0
INSECT	FLY (INSECT)	0	0	0	0	3	3	0	0	9	4	0	0
INSECT	WASP	0	0	0	0	3	3	0	0	3	3	2	2
INSECT	MOSQUITO	0	0	0	0	3	3	0	0	4	4	3	3
INSECT	ANIMAL	0	0	0	0	7	7	0	0	0	0	2	2
HORN (ANATOMY)	BONE	0	0	0	0	1	1	0	0	2	2	0	0
HORN (ANATOMY)	CORNER	0	0	0	0	14	13	0	1	3	2	10	3
HORN (ANATOMY)	CAPE	0	0	0	0	2	2	0	0	0	0	0	0
GLASS	WINDOW	1	0	0	1	8	8	0	0	2	2	3	3
GLASS	MIRROR	1	1	0	0	42	42	0	0	7	4	40	13
GLASS	CUP	0	0	0	0	8	8	0	0	0	0	3	3
GLASS	EYE	1	1	0	0	0	0	0	0	0	0	0	0
GLASS	BRACELET	0	0	0	0	1	1	0	0	0	0	0	0
GLASS	STONE OR ROCK	0	0	0	0	0	0	0	0	0	0	2	2
FEATHER	WING	1	1	0	0	3	3	0	0	6	4	29	13
FEATHER	LEAF	2	2	0	0	1	1	0	0	3	2	13	6
FEATHER	EYELASH	1	0	1	0	2	0	0	2	46	13	0	0
FEATHER	FIN	2	2	0	0	2	2	0	0	6	3	7	4
FEATHER	ARROW	1	1	0	0	0	0	0	0	0	0	0	0
EXPENSIVE	HEAVY	0	0	0	0	3	3	0	0	0	0	4	3
EXPENSIVE	GREEDY	0	0	0	0	1	0	0	1	0	0	0	0
EXPENSIVE	DIFFICULT	0	0	0	0	8	8	0	0	0	0	0	0
ENEMY	THIEF	0	0	0	0	1	1	0	0	0	0	0	0
ENEMY	FRIEND	0	0	0	0	2	1	0	1	0	0	0	0
EDGE	LAST (FINAL)	0	0	0	0	1	1	0	0	0	0	0	0
EDGE	COUNTRY	1	1	0	0	3	3	0	0	0	0	4	2
EDGE	EYEBROW	0	0	0	0	1	1	0	0	0	0	2	2
EDGE	LIP	0	0	0	0	2	2	0	0	9	7	11	7
EDGE	MOUTH	0	0	0	0	5	5	0	0	0	0	9	8
EDGE	BUTTOCKS	1	1	0	0	1	1	0	0	0	0	0	0
CIRCLE	KNEE	1	0	0	1	1	1	0	0	0	0	0	0
CIRCLE	RING	0	0	0	0	2	2	0	0	3	3	8	3
CIRCLE	WHEEL	0	0	0	0	2	2	0	0	0	0	25	8
CIRCLE	EYE	1	1	0	0	0	0	0	0	0	0	0	0
CIRCLE	YEAR	1	1	0	0	0	0	0	0	0	0	0	0
BULL	FROG	3	0	3	0	0	0	0	0	0	0	0	0
BEAK	TOP	0	0	0	0	1	0	0	1	0	0	0	0
BEAK	CHIN	0	0	0	0	1	0	0	1	0	0	0	0
BEAK	LIP	0	0	0	0	1	1	0	0	7	6	16	8
BEAK	MOUTH	0	0	0	0	5	5	0	0	0	0	20	9
BEAK	FACE	2	1	0	1	0	0	0	0	0	0	0	0
BEAK	NOSE	0	0	0	0	9	8	0	1	0	0	26	17
ANIMAL	LION	0	0	0	0	2	0	0	2	0	0	0	0
ANIMAL	MEAT	0	0	0	0	1	1	0	0	6	3	4	4
ANIMAL	INSECT	0	0	0	0	7	7	0	0	4	4	2	2
ANIMAL	ELEPHANT	1	0	0	1	0	0	0	0	0	0	0	0
YOUNG	HUSBAND	1	0	0	1	0	0	0	0	0	0	0	0
YOUNG	NEW	0	0	0	0	1	1	0	0	0	0	15	8
YOUNG	STUPID	0	0	0	0	2	0	0	2	0	0	0	0
YOUNG	BRAVE	0	0	0	0	2	2	0	0	0	0	0	0
YOUNG	SMALL	0	0	0	0	1	1	0	0	2	2	12	10
YOUNG	GREEN	0	0	0	0	5	5	0	0	0	0	0	0
YOUNG	UNRIPE	0	0	0	0	5	5	0	0	0	0	4	4
POUR	STRIKE OR BEAT	1	1	0	0	0	0	0	0	0	0	0	0
POUR	RAIN (PRECIPITATION)	1	0	1	0	0	0	0	0	0	0	0	0
POUR	VOMIT	1	0	0	1	0	0	0	0	0	0	2	2
LOVE	WANT	2	2	0	0	5	5	0	0	3	3	18	15
LOVE	KISS	0	0	0	0	3	2	0	1	0	0	2	2
LOVE	FRIEND	0	0	0	0	4	0	4	0	2	2	0	0
DISAPPEAR	GO OUT	0	0	0	0	1	1	0	0	0	0	0	0
DEFEND	FORBID	0	0	0	0	2	2	0	0	0	0	5	4
DEFEND	FOOD	0	0	0	0	1	0	0	1	0	0	0	0
DEFEND	CURE	1	0	0	1	0	0	0	0	0	0	0	0
CHEW	EXPLAIN	1	1	0	0	1	1	0	0	0	0	0	0
CHEW	EAT	0	0	0	0	1	1	0	0	0	0	3	3
TREE STUMP	TREE TRUNK	0	0	0	0	1	1	0	0	4	3	18	10
TREE STUMP	BEEHIVE	1	1	0	0	0	0	0	0	0	0	0	0
SHOULDER	BACK	2	1	0	1	2	1	0	1	0	0	5	5
ROOSTER	PENIS	3	2	0	1	0	0	0	0	0	0	2	2
ROOSTER	SING	0	0	0	0	1	0	0	1	0	0	0	0
ROAD	FOOTPRINT	0	0	0	0	5	5	0	0	4	3	2	2
ROAD	SEA	0	0	0	0	1	0	0	1	0	0	0	0
ROAD	MANNER	18	17	1	0	6	6	0	0	0	0	18	7
PUMPKIN	HEAD	10	10	0	0	3	3	0	0	0	0	0	0
PERSON	WOMAN	0	0	0	0	1	1	0	0	31	8	0	0
PERSON	SERVANT	6	5	1	0	0	0	0	0	23	9	2	2
PERSON	MAN	1	1	0	0	17	16	0	1	40	7	41	15
PERSON	SOUL	0	0	0	0	2	2	0	0	2	2	0	0
PERSON	BODY	2	0	2	0	1	1	0	0	3	2	3	2
PART	BREAD	2	0	0	2	0	0	0	0	0	0	0	0
PART	RELATIVES	0	0	0	0	1	1	0	0	0	0	0	0
PART	BRANCH OR TWIG	0	0	0	0	5	5	0	0	0	0	0	0
PART	BITE	0	0	0	0	2	1	1	0	0	0	0	0
MOON	DOG	0	0	0	0	4	4	0	0	0	0	0	0
MOON	MONDAY	7	5	2	0	0	0	0	0	0	0	0	0
MOON	MONTH	9	9	0	0	18	17	1	0	6	5	156	41
MOON	MAD	3	0	3	0	0	0	0	0	0	0	0	0
MAN	PERSON	0	0	0	0	17	16	0	1	8	6	41	15
MAN	HUSBAND	12	12	0	0	20	19	1	0	10	6	68	17
MAN	PENIS	0	0	0	0	3	1	0	2	5	3	2	2
MAN	BRAVE	7	3	4	0	1	0	0	1	2	2	2	2
MAN	FATHER	2	2	0	0	3	3	0	0	4	2	0	0
MAD	STUPID	0	0	0	0	23	23	0	0	6	3	40	13
MAD	POET	0	0	0	0	1	1	0	0	0	0	0	0
LIP	MOUTH	1	0	0	1	4	2	0	2	0	0	15	10
LIP	EDGE	2	2	0	0	2	2	0	0	3	3	11	7
LIP	WORD	1	1	0	0	0	0	0	0	0	0	0	0
LIP	BEAK	1	0	1	0	1	1	0	0	6	5	16	8
LION	SNAKE	2	0	0	2	0	0	0	0	0	0	0	0
LION	ANIMAL	0	0	0	0	2	0	0	2	0	0	0	0
LION	CAT	0	0	0	0	1	0	0	1	0	0	0	0
LION	DEER	0	0	0	0	1	1	0	0	0	0	0	0
HOUSE	FAMILY	2	2	0	0	7	7	0	0	26	12	22	6
HOUSE	MARRY	3	0	3	0	1	0	1	0	7	3	0	0
HOUSE	GRAVE	5	3	1	1	1	0	1	0	0	0	0	0
HOUSE	WOMB	0	0	0	0	1	1	0	0	28	5	0	0
HOUSE	WIFE	0	0	0	0	2	1	0	1	4	3	0	0
HOUSE	ROOM	0	0	0	0	3	2	0	1	21	8	58	11
GOD	HUSBAND	0	0	0	0	1	1	0	0	0	0	0	0
GOD	SKY	1	0	0	1	9	8	0	1	0	0	4	3
EYELASH	EYEBROW	0	0	0	0	66	66	0	0	5	3	29	10
EYELASH	EDGE	2	2	0	0	0	0	0	0	0	0	0	0
EYELASH	EYELID	0	0	0	0	28	25	0	3	2	2	21	6
EYELASH	FEATHER	0	0	0	0	2	0	0	2	0	0	0	0
END (OF SPACE)	HEEL	0	0	0	0	1	1	0	0	3	3	0	0
END (OF SPACE)	NOSE	0	0	0	0	1	1	0	0	3	3	2	2
END (OF SPACE)	UDDER	0	0	0	0	1	1	0	0	0	0	0	0
END (OF SPACE)	TAIL	0	0	0	0	1	1	0	0	0	0	4	3
DAY (NOT NIGHT)	SUN	1	1	0	0	41	39	2	0	11	8	50	22
DAY (NOT NIGHT)	SKY	0	0	0	0	1	1	0	0	0	0	2	2
DAY (NOT NIGHT)	WEATHER	0	0	0	0	2	2	0	0	7	4	10	8
DAY (NOT NIGHT)	TODAY	5	0	5	0	2	0	1	1	55	23	2	2
COUNTRY	EDGE	0	0	0	0	3	3	0	0	0	0	4	2
COUNTRY	PEOPLE	1	0	0	1	3	2	1	0	8	5	2	2
COUNTRY	WORLD	0	0	0	0	15	14	1	0	9	8	17	12
COUNTRY	VILLAGE	3	2	0	1	1	1	0	0	3	3	8	7
COUNTRY	YEAR	1	0	1	0	2	2	0	0	0	0	0	0
COUNTRY	SIDE	0	0	0	0	2	1	0	1	0	0	5	2
COUNTRY	EARTH (SOIL)	0	0	0	0	22	22	0	0	5	2	35	15
CORNER	JAW	0	0	0	0	1	1	0	0	0	0	0	0
CORNER	KNEE	0	0	0	0	2	1	0	1	3	3	0	0
CORNER	HEEL	0	0	0	0	1	1	0	0	0	0	0	0
CORNER	HORN (ANATOMY)	0	0	0	0	14	13	0	1	2	2	10	3
CORNER	NOSE	0	0	0	0	1	1	0	0	0	0	0	0
CORNER	ELBOW	0	0	0	0	1	1	0	0	0	0	4	4
CORNER	ARMPIT	0	0	0	0	1	1	0	0	0	0	0	0
BRAIN	HEAD	0	0	0	0	3	1	0	2	2	2	0	0
BRAIN	MIND	6	6	0	0	4	3	1	0	4	3	18	8
BRAIN	NOSE	0	0	0	0	1	1	0	0	0	0	0	0
INTESTINES	HEART	2	1	0	1	0	0	0	0	0	0	0	0
INTESTINES	PREGNANT	1	0	1	0	0	0	0	0	2	2	0	0
INTESTINES	SAUSAGE	2	2	0	0	1	1	0	0	13	6	14	4
INTESTINES	BRAVE	2	1	1	0	0	0	0	0	0	0	0	0
BIRD	FLY (MOVE THROUGH AIR)	2	0	2	0	2	0	2	0	0	0	0	0
BIRD	CROW	0	0	0	0	1	1	0	0	3	3	0	0
BIRD	EAGLE	0	0	0	0	1	0	0	1	10	7	0	0
ARROW	RAINBOW	1	1	0	0	0	0	0	0	5	4	0	0
ARROW	COMB	0	0	0	0	1	1	0	0	0	0	0	0
ARROW	LIGHTNING	1	1	0	0	0	0	0	0	0	0	0	0
YEAR	SUMMER	1	1	0	0	5	4	0	1	6	5	16	10
YEAR	HARVEST	0	0	0	0	1	1	0	0	3	2	0	0
YEAR	WINTER	0	0	0	0	2	2	0	0	5	3	4	4
YEAR	COUNTRY	0	0	0	0	2	2	0	0	0	0	0	0
YEAR	SKY	0	0	0	0	1	1	0	0	2	2	6	2
YEAR	AUTUMN	0	0	0	0	3	3	0	0	0	0	0	0
WOMAN	PERSON	0	0	0	0	1	1	0	0	0	0	0	0
WOMAN	WIFE	4	3	1	0	24	22	2	0	11	10	89	19
WOMAN	MOTHER	0	0	0	0	2	1	0	1	0	0	0	0
WOMAN	BLACK	0	0	0	0	1	1	0	0	0	0	0	0
WARM	WET	0	0	0	0	1	0	0	1	0	0	0	0
WARM	DRUNK	1	1	0	0	1	1	0	0	0	0	0	0
SMELL (PERCEIVE)	KISS	0	0	0	0	2	2	0	0	0	0	14	6
SMELL (PERCEIVE)	TASTE (SOMETHING)	0	0	0	0	1	1	0	0	2	2	4	3
SMELL (PERCEIVE)	FEEL	0	0	0	0	3	2	0	1	2	2	9	7
SEEM	SEE	0	0	0	0	2	2	0	0	0	0	6	3
SEEM	BOAST	1	1	0	0	0	0	0	0	0	0	0	0
REST	BE SILENT	0	0	0	0	1	1	0	0	0	0	0	0
READ	SPEAK	0	0	0	0	3	2	0	1	0	0	2	2
READ	LEARN	2	2	0	0	6	6	0	0	0	0	27	5
READ	SING	0	0	0	0	1	1	0	0	4	4	7	5
READ	SEE	0	0	0	0	1	1	0	0	0	0	2	2
READ	CHOOSE	0	0	0	0	1	1	0	0	0	0	0	0
LEAD (GUIDE)	CARRY	0	0	0	0	1	1	0	0	0	0	30	8
LEAD (GUIDE)	RULE	5	5	0	0	3	3	0	0	7	4	8	4
LEAD (GUIDE)	CAUSE	11	10	1	0	0	0	0	0	0	0	0	0
LEAD (GUIDE)	MARRY	0	0	0	0	1	1	0	0	10	4	0	0
HEAR	UNDERSTAND	20	20	0	0	10	9	0	1	5	5	17	11
HEAR	WITNESS	1	1	0	0	0	0	0	0	0	0	0	0
HEAR	SEE	0	0	0	0	8	8	0	0	0	0	0	0
HEAR	FEEL	0	0	0	0	6	5	0	1	2	2	16	10
GO	FIND	5	2	2	1	3	1	1	1	7	2	0	0
GO	SIMILAR	2	1	1	0	0	0	0	0	2	2	0	0
GO	COPULATE	2	2	0	0	0	0	0	0	3	3	0	0
GIVE	TEACH	0	0	0	0	1	0	1	0	15	9	0	0
GIVE	THROW	1	1	0	0	0	0	0	0	0	0	2	2
FINISH	LIFT	0	0	0	0	1	1	0	0	0	0	0	0
FINISH	KILL	5	5	0	0	5	5	0	0	0	0	0	0
FINISH	MARRY	0	0	0	0	1	1	0	0	0	0	0	0
FEEL	SEE	0	0	0	0	2	2	0	0	0	0	4	2
FEEL	HEAR	11	10	1	0	6	5	0	1	6	5	16	10
FEEL	SMELL (PERCEIVE)	0	0	0	0	3	2	0	1	6	5	9	7
FEEL	REMEMBER	0	0	0	0	1	1	0	0	0	0	0	0
CRY	FLOW	0	0	0	0	1	1	0	0	0	0	0	0
CRY	HOWL	0	0	0	0	3	3	0	0	0	0	9	8
CRY	SHOUT	0	0	0	0	6	6	0	0	0	0	2	2
CRY	SING	0	0	0	0	1	1	0	0	0	0	0	0
CHOOSE	LOOK FOR	0	0	0	0	1	1	0	0	0	0	0	0
CHOOSE	GOOD	1	1	0	0	0	0	0	0	0	0	0	0
CHOOSE	READ	0	0	0	0	1	1	0	0	0	0	0	0
CALL	CAUSE	4	2	2	0	0	0	0	0	0	0	0	0
CALL	ASK (INQUIRE)	0	0	0	0	1	1	0	0	0	0	2	2
SWEET	HONEY	0	0	0	0	3	1	2	0	3	3	4	4
STRANGER	GUEST	1	1	0	0	0	0	0	0	0	0	9	2
STAR	NORTH	0	0	0	0	1	1	0	0	0	0	0	0
STAR	GRANDMOTHER	1	1	0	0	0	0	0	0	0	0	0	0
SOUL	WIND	0	0	0	0	1	1	0	0	0	0	2	2
SOUL	PERSON	8	8	0	0	2	2	0	0	0	0	0	0
SOUL	GHOST	1	1	0	0	2	2	0	0	4	3	43	18
SOUL	BUTTERFLY	2	0	2	0	3	2	1	0	0	0	0	0
SIDE	FOREHEAD	0	0	0	0	1	1	0	0	0	0	0	0
SIDE	FACE	0	0	0	0	1	1	0	0	0	0	0	0
SIDE	COUNTRY	0	0	0	0	2	1	0	1	0	0	5	2
SIDE	CHEEK	0	0	0	0	1	1	0	0	6	5	2	2
SIDE	WING	0	0	0	0	0	0	0	0	2	2	0	0
RAW	WET	0	0	0	0	3	3	0	0	2	2	14	4
RAW	HARD	0	0	0	0	1	1	0	0	0	0	0	0
RAW	GREEN	0	0	0	0	1	1	0	0	6	4	7	7
RAW	NAKED	0	0	0	0	0	0	0	0	4	3	0	0
POOR	WEAK	0	0	0	0	3	3	0	0	0	0	0	0
POOR	GREEDY	0	0	0	0	1	1	0	0	0	0	0	0
POOR	SICK	0	0	0	0	1	1	0	0	0	0	2	2
POOR	NAKED	0	0	0	0	3	1	1	1	0	0	0	0
POISON	BITTER	0	0	0	0	4	4	0	0	0	0	3	2
POISON	ANGER	0	0	0	0	1	1	0	0	0	0	0	0
POISON	SCORPION	0	0	0	0	1	1	0	0	0	0	0	0
OLD MAN	HUSBAND	0	0	0	0	9	7	1	1	2	2	3	3
OLD MAN	BEAR	1	1	0	0	11	11	0	0	0	0	0	0
OLD MAN	LION	1	1	0	0	0	0	0	0	0	0	0	0
NEAR	CHEAP	0	0	0	0	1	1	0	0	0	0	0	0
NEAR	STUPID	2	2	0	0	0	0	0	0	0	0	0	0
NEAR	FOLLOW	0	0	0	0	0	0	0	0	2	2	0	0
MUD	SWAMP	0	0	0	0	3	2	0	1	9	9	11	11
MUD	PENIS	1	1	0	0	0	0	0	0	0	0	0	0
MORNING	LIGHT (COLOR)	0	0	0	0	2	0	1	1	0	0	0	0
MORNING	TOMORROW	5	2	2	1	18	15	2	1	6	4	20	12
MORNING	EAST	3	1	2	0	0	0	0	0	0	0	2	2
MORNING	DAY (NOT NIGHT)	1	1	0	0	0	0	0	0	0	0	2	2
MORNING	EARLY	0	0	0	0	2	1	0	1	10	10	30	19
MEAT	FOOD	0	0	0	0	9	7	0	2	0	0	3	3
MEAT	ANIMAL	7	7	0	0	1	1	0	0	4	3	4	4
LIGHTNING	SUN	0	0	0	0	1	1	0	0	0	0	0	0
KNOT	BUTTON	0	0	0	0	4	4	0	0	0	0	4	3
HUSBAND	GOD	0	0	0	0	1	1	0	0	0	0	0	0
HUSBAND	MAN	0	0	0	0	20	19	1	0	27	10	68	17
HUSBAND	OLD MAN	0	0	0	0	9	7	1	1	16	8	3	3
HUSBAND	FATHER	0	0	0	0	0	0	0	0	3	2	0	0
HORSE	BIG	0	0	0	0	2	2	0	0	0	0	0	0
HORSE	GIRL	1	0	0	1	0	0	0	0	0	0	0	0
HORSE	WAVE	1	1	0	0	0	0	0	0	0	0	0	0
TALL	DEEP	3	3	0	0	1	1	0	0	0	0	6	5
TALL	LOUD	4	4	0	0	6	6	0	0	0	0	22	4
TALL	EXPENSIVE	1	1	0	0	0	0	0	0	2	2	0	0
TALL	LONG	0	0	0	0	4	3	0	1	2	2	61	28
TALL	BIG	0	0	0	0	0	0	0	0	0	0	17	8
HARVEST	SUMMER	0	0	0	0	2	2	0	0	0	0	0	0
HARVEST	YEAR	0	0	0	0	1	1	0	0	0	0	0	0
HARVEST	AUTUMN	0	0	0	0	1	1	0	0	0	0	3	2
GUEST	MERCHANT	0	0	0	0	1	0	0	1	0	0	0	0
GUEST	FRIEND	0	0	0	0	1	1	0	0	0	0	0	0
GUEST	STRANGER	0	0	0	0	0	0	0	0	0	0	9	2
GIRL	DAUGHTER	0	0	0	0	12	11	1	0	5	4	90	13
GIRL	FROG	0	0	0	0	1	1	0	0	0	0	0	0
FROG	JUMP	0	0	0	0	2	0	1	1	0	0	0	0
FROG	GIRL	0	0	0	0	1	1	0	0	0	0	0	0
FROG	SNAIL	0	0	0	0	2	2	0	0	0	0	0	0
FROG	TURTLE	1	0	1	0	1	0	0	1	48	4	0	0
FOREST	TREE	0	0	0	0	2	2	0	0	0	0	12	5
FOREST	WOOD	0	0	0	0	6	6	0	0	0	0	14	5
FOREST	AMBUSH	2	0	2	0	0	0	0	0	0	0	0	0
FOREST	HUNT	6	0	6	0	1	1	0	0	10	7	0	0
FOOTPRINT	BEHIND	0	0	0	0	1	0	1	0	0	0	0	0
FOOTPRINT	ROAD	0	0	0	0	5	5	0	0	0	0	2	2
FOOTPRINT	HEEL	0	0	0	0	1	1	0	0	5	3	0	0
FLAT	EASY	2	1	0	1	2	2	0	0	0	0	0	0
FLAT	STUPID	1	1	0	0	1	1	0	0	0	0	0	0
ELBOW	CORNER	2	2	0	0	1	1	0	0	0	0	4	4
ELBOW	KNEE	0	0	0	0	1	1	0	0	0	0	6	6
CORRECT (RIGHT)	RIGHT	0	0	0	0	4	4	0	0	5	3	15	5
CORRECT (RIGHT)	RICH	1	1	0	0	0	0	0	0	0	0	0	0
CORRECT (RIGHT)	STRAIGHT	0	0	0	0	9	9	0	0	4	3	63	18
CORRECT (RIGHT)	HEALTHY	0	0	0	0	9	8	0	1	4	4	4	4
COLOR	FLOWER	0	0	0	0	3	1	0	2	0	0	0	0
COLOR	PAINT (PIGMENTS)	0	0	0	0	5	5	0	0	3	3	50	8
BODY	COPULATE	1	0	0	1	0	0	0	0	2	2	0	0
BODY	PENIS	2	1	1	0	0	0	0	0	0	0	0	0
BODY	PERSON	0	0	0	0	1	1	0	0	0	0	3	2
BODY	WAIST	0	0	0	0	3	3	0	0	0	0	2	2
BLOOD	RED	4	0	4	0	4	2	2	0	10	8	3	3
BLIND	DARK	0	0	0	0	2	2	0	0	0	0	6	2
BLIND	BLUNT	2	2	0	0	2	2	0	0	0	0	3	3
BEHIND	FOOTPRINT	0	0	0	0	1	0	1	0	2	2	0	0
BEHIND	AFTER	1	1	0	0	9	9	0	0	13	9	59	22
BEHIND	NORTH	0	0	0	0	3	3	0	0	2	2	0	0
BEHIND	WEST	0	0	0	0	1	1	0	0	0	0	2	2
BEHIND	HEEL	0	0	0	0	1	1	0	0	2	2	0	0
BEHIND	BACK	0	0	0	0	3	1	1	1	2	2	11	5
BEARD	CHIN	1	0	0	1	2	2	0	0	4	4	16	5
BEARD	BRAID	1	1	0	0	0	0	0	0	0	0	0	0
BALD	NAKED	0	0	0	0	9	6	2	1	0	0	2	2
BALD	SMOOTH	0	0	0	0	1	1	0	0	0	0	0	0
BALD	SKULL	1	0	1	0	0	0	0	0	0	0	0	0
AUTUMN	WIND	0	0	0	0	1	1	0	0	0	0	0	0
AUTUMN	YEAR	1	1	0	0	3	3	0	0	0	0	0	0
AUTUMN	HARVEST	3	2	0	1	1	1	0	0	0	0	3	2
ARMPIT	WING	0	0	0	0	1	1	0	0	0	0	0	0
ARMPIT	CORNER	0	0	0	0	1	1	0	0	0	0	0	0
AIR	WEATHER	2	2	0	0	6	6	0	0	29	4	44	8
AIR	WIND	0	0	0	0	11	10	0	1	3	3	39	25
WRONG	LEFT	0	0	0	0	1	1	0	0	0	0	0	0
WORLD	COUNTRY	0	0	0	0	15	14	1	0	2	2	17	12
WORLD	SKY	0	0	0	0	1	1	0	0	3	2	2	2
WORLD	LIGHT (RADIATION)	0	0	0	0	8	3	4	1	4	2	4	3
WORLD	WEATHER	0	0	0	0	1	1	0	0	0	0	7	5
WORK (LABOUR)	THING	0	0	0	0	1	1	0	0	0	0	0	0
WOOD	TREE	0	0	0	0	4	4	0	0	33	13	105	38
WOOD	FOREST	0	0	0	0	6	6	0	0	20	11	14	5
WOOD	FIREWOOD	0	0	0	0	9	9	0	0	33	11	64	19
WEST	BEHIND	0	0	0	0	1	1	0	0	0	0	2	2
WEST	NORTH	0	0	0	0	1	1	0	0	0	0	0	0
WEST	EVENING	0	0	0	0	3	3	0	0	0	0	3	3
WATER	WEDNESDAY	1	0	1	0	0	0	0	0	0	0	0	0
WATER	SAP	0	0	0	0	1	1	0	0	34	8	24	4
TREE TRUNK	TREE STUMP	0	0	0	0	1	1	0	0	5	5	18	10
TURN (SOMETHING)	CHANGE	3	3	0	0	0	0	0	0	0	0	4	4
TURN (SOMETHING)	RULE	1	1	0	0	0	0	0	0	0	0	0	0
TEAR (SHRED)	THROW	0	0	0	0	2	1	0	1	0	0	0	0
TEAR (SHRED)	VOMIT	2	2	0	0	0	0	0	0	0	0	0	0
TEAR (SHRED)	EAT	2	2	0	0	1	1	0	0	0	0	0	0
SWEEP	REFUSE	0	0	0	0	2	1	1	0	0	0	0	0
SLEEP	STRIKE OR BEAT	0	0	0	0	1	1	0	0	0	0	0	0
SLEEP	COPULATE	7	6	1	0	1	1	0	0	3	2	2	2
ROW	PULL	0	0	0	0	1	1	0	0	0	0	0	0
ROW	FLY (MOVE THROUGH AIR)	2	2	0	0	0	0	0	0	0	0	0	0
ROW	DIG	0	0	0	0	2	0	0	2	0	0	0	0
RISE (MOVE UPWARDS)	GO OUT	0	0	0	0	3	2	1	0	6	4	4	3
RISE (MOVE UPWARDS)	EAST	4	2	2	0	0	0	0	0	6	4	0	0
RISE (MOVE UPWARDS)	RED	0	0	0	0	1	1	0	0	0	0	0	0
RISE (MOVE UPWARDS)	BE BORN	1	1	0	0	1	1	0	0	0	0	0	0
RISE (MOVE UPWARDS)	JUMP	0	0	0	0	0	0	0	0	2	2	0	0
RISE (MOVE UPWARDS)	GO UP (ASCEND)	0	0	0	0	0	0	0	0	20	9	60	24
REMAIN	SIT	0	0	0	0	1	1	0	0	9	3	19	9
REMAIN	CORPSE	5	1	4	0	0	0	0	0	0	0	0	0
MOVE	CARRY	0	0	0	0	1	1	0	0	2	2	0	0
MOVE	ANIMAL	2	0	2	0	0	0	0	0	0	0	0	0
DRAW MILK	STRIKE OR BEAT	0	0	0	0	1	1	0	0	0	0	0	0
MEET	FIND	1	1	0	0	6	5	1	0	2	2	30	21
MARRY	TAKE	0	0	0	0	2	2	0	0	0	0	3	3
MARRY	HOUSE	0	0	0	0	1	0	1	0	0	0	0	0
MARRY	FINISH	0	0	0	0	1	1	0	0	0	0	0	0
MARRY	LEAD (GUIDE)	0	0	0	0	1	1	0	0	2	2	0	0
MARRY	COPULATE	1	0	0	1	0	0	0	0	2	2	4	4
LEAVE	THROW	0	0	0	0	5	4	1	0	0	0	2	2
LEAVE	FORGIVE	1	1	0	0	0	0	0	0	2	2	0	0
LEAVE	PUT	0	0	0	0	4	3	1	0	0	0	3	2
LEAVE	LET GO OR SET FREE	0	0	0	0	1	1	0	0	4	3	0	0
KISS	LOVE	0	0	0	0	3	2	0	1	0	0	2	2
KISS	SUCK	0	0	0	0	3	2	0	1	0	0	13	8
KISS	COPULATE	1	0	0	1	0	0	0	0	0	0	0	0
KISS	SMELL (PERCEIVE)	0	0	0	0	2	2	0	0	0	0	14	6
HIDE (CONCEAL)	STEAL	0	0	0	0	4	4	0	0	0	0	0	0
HIDE (CONCEAL)	EMBRACE	0	0	0	0	1	1	0	0	0	0	0	0
HIDE (CONCEAL)	BURY	1	1	0	0	5	4	1	0	0	0	8	7
HIDE (CONCEAL)	AMBUSH	1	0	1	0	0	0	0	0	2	2	0	0
HIDE (CONCEAL)	DARK	0	0	0	0	2	0	0	2	0	0	0	0
EXTINGUISH	DESTROY	5	5	0	0	1	1	0	0	2	2	2	2
EXTINGUISH	DARK	1	0	1	0	0	0	0	0	0	0	0	0
EXTINGUISH	KILL	0	0	0	0	0	0	0	0	0	0	12	7
DRINK	TAKE	0	0	0	0	1	1	0	0	3	3	0	0
DRINK	PULL	0	0	0	0	1	0	1	0	0	0	0	0
DRINK	STRIKE OR BEAT	0	0	0	0	2	2	0	0	0	0	2	2
DRINK	SMOKE (INHALE)	5	5	0	0	0	0	0	0	8	4	8	3
DRINK	SUCK	0	0	0	0	6	4	0	2	4	4	12	5
CHOKE	PRESS	0	0	0	0	1	0	0	1	0	0	0	0
CHOKE	SINK (DESCEND)	0	0	0	0	1	1	0	0	0	0	0	0
CHOKE	VOMIT	0	0	0	0	1	1	0	0	0	0	0	0
CAUSE	LIFT	0	0	0	0	2	2	0	0	7	6	0	0
CAUSE	SOW SEEDS	0	0	0	0	7	7	0	0	2	2	0	0
CAUSE	CALL	0	0	0	0	0	0	0	0	2	2	0	0
CAUSE	LEAD (GUIDE)	0	0	0	0	0	0	0	0	3	3	0	0
BURY	DIG	0	0	0	0	3	1	0	2	0	0	2	2
BURY	DESTROY	1	1	0	0	0	0	0	0	0	0	0	0
BURY	HIDE (CONCEAL)	1	1	0	0	5	4	1	0	2	2	8	7
BURY	PUT	0	0	0	0	1	1	0	0	0	0	0	0
ASK (INQUIRE)	WANT	0	0	0	0	3	1	0	2	0	0	0	0
ASK (INQUIRE)	CALL	0	0	0	0	1	1	0	0	0	0	2	2
ASK (INQUIRE)	ASK (REQUEST)	0	0	0	0	8	7	1	0	3	2	49	19
ASK (INQUIRE)	TEACH	1	1	0	0	0	0	0	0	0	0	0	0
ASK (REQUEST)	LOOK FOR	0	0	0	0	6	6	0	0	0	0	5	3
ASK (REQUEST)	ASK (INQUIRE)	3	3	0	0	8	7	1	0	8	6	49	19
ASK (REQUEST)	BUY	0	0	0	0	1	1	0	0	2	2	3	3
ASK (REQUEST)	TELL	0	0	0	0	1	1	0	0	3	3	0	0
ASK (REQUEST)	SHOOT	0	0	0	0	1	1	0	0	0	0	0	0
TABLE	BOARD	0	0	0	0	2	2	0	0	0	0	11	7
TABLE	MEAL	2	2	0	0	1	1	0	0	0	0	6	2
TABLE	FLAT	1	1	0	0	0	0	0	0	0	0	0	0
SUMMER	YEAR	1	1	0	0	5	4	0	1	0	0	16	10
SUMMER	SOUTH	2	1	1	0	0	0	0	0	0	0	0	0
SUMMER	HARVEST	0	0	0	0	2	2	0	0	0	0	0	0
SPEAR	TREE	0	0	0	0	1	1	0	0	0	0	0	0
SPEAR	LIGHTNING	1	0	0	1	0	0	0	0	0	0	0	0
SPEAR	SWORD	1	1	0	0	0	0	0	0	0	0	5	5
SPEAR	ARROW	1	1	0	0	0	0	0	0	2	2	6	4
SON	BOY	0	0	0	0	8	8	0	0	27	16	82	12
SON	FATHER	0	0	0	0	1	0	0	1	0	0	0	0
SOLDIER	YOUNG MAN	0	0	0	0	1	0	0	1	0	0	0	0
SMOKE (EXHAUST)	DUST	0	0	0	0	1	1	0	0	3	2	8	6
SMOKE (EXHAUST)	HOUSE	2	1	1	0	0	0	0	0	0	0	0	0
SKULL	FOREHEAD	0	0	0	0	2	1	0	1	0	0	0	0
SKULL	HELMET	0	0	0	0	1	1	0	0	0	0	0	0
SKULL	BALD	0	0	0	0	0	0	0	0	7	5	0	0
SHORT	POOR	1	1	0	0	0	0	0	0	0	0	0	0
SHADE	GHOST	3	3	0	0	4	4	0	0	4	4	7	6
SEA	ROAD	0	0	0	0	1	0	0	1	0	0	0	0
SEA	LAKE	1	0	1	0	3	1	1	1	10	4	12	7
SEA	SAIL	3	0	3	0	0	0	0	0	5	2	0	0
SEA	SALT	0	0	0	0	8	8	0	0	0	0	3	3
ROUGH	DIFFICULT	0	0	0	0	2	2	0	0	0	0	0	0
ROUGH	SOUR	1	1	0	0	0	0	0	0	0	0	0	0
PENIS	NOSE	0	0	0	0	1	1	0	0	0	0	0	0
PENIS	MAN	0	0	0	0	3	1	0	2	0	0	2	2
PENIS	TAIL	0	0	0	0	3	3	0	0	0	0	7	3
PENIS	BROOM	0	0	0	0	1	1	0	0	0	0	0	0
PENIS	ROOSTER	0	0	0	0	0	0	0	0	0	0	2	2
PAPER	COTTON	0	0	0	0	1	1	0	0	0	0	0	0
PAIN	CUT	0	0	0	0	4	4	0	0	0	0	0	0
PAIN	BORE	0	0	0	0	2	2	0	0	0	0	0	0
NETTLE	BURN (SOMETHING)	0	0	0	0	1	0	1	0	0	0	0	0
NARROW	SMALL	1	0	0	1	0	0	0	0	0	0	12	10
NARROW	THIN (OF SHAPE OF OBJECT)	0	0	0	0	1	1	0	0	0	0	23	17
MIND	HEART	0	0	0	0	1	1	0	0	6	3	7	6
MIND	BRAIN	0	0	0	0	4	3	1	0	3	3	18	8
MIND	HEAD	0	0	0	0	9	8	0	1	0	0	4	4
MIND	EAR	0	0	0	0	1	1	0	0	0	0	0	0
LONG	FOR A LONG TIME	5	5	0	0	17	16	0	1	28	10	27	5
LONG	TALL	5	5	0	0	4	3	0	1	5	4	61	28
LONG	FAR	7	2	4	1	1	0	1	0	4	4	6	6
LIGHT (RADIATION)	WORLD	2	1	1	0	8	3	4	1	0	0	4	3
LIGHT (RADIATION)	SKY	0	0	0	0	1	1	0	0	0	0	0	0
LIGHT (RADIATION)	SUN	1	1	0	0	0	0	0	0	0	0	8	5
SICK	POOR	0	0	0	0	1	1	0	0	0	0	2	2
SICK	BAD	0	0	0	0	4	4	0	0	0	0	3	3
SICK	MOON	1	1	0	0	0	0	0	0	0	0	0	0
SICK	WRONG	1	1	0	0	0	0	0	0	0	0	0	0
HELL	MOUTH	1	1	0	0	0	0	0	0	0	0	0	0
HELL	FIRE	0	0	0	0	0	0	0	0	0	0	6	5
GRASS	GREEN	2	0	2	0	1	0	0	1	6	2	0	0
GRASS	SPRINGTIME	1	1	0	0	0	0	0	0	0	0	0	0
EYELID	EYEBROW	0	0	0	0	4	3	0	1	2	2	4	2
EYELID	EYELASH	0	0	0	0	28	25	0	3	12	7	21	6
EYELID	EYE	0	0	0	0	3	3	0	0	0	0	0	0
EYEBROW	EYELASH	2	0	1	1	66	66	0	0	8	5	29	10
EYEBROW	EDGE	0	0	0	0	1	1	0	0	0	0	2	2
EYEBROW	EYELID	0	0	0	0	4	3	0	1	3	2	4	2
EAST	BELOW OR UNDER	0	0	0	0	1	1	0	0	0	0	0	0
EAST	MORNING	0	0	0	0	0	0	0	0	0	0	2	2
DUST	SMOKE (EXHAUST)	0	0	0	0	1	1	0	0	0	0	8	6
DEW	RAIN (PRECIPITATION)	2	2	0	0	1	1	0	0	0	0	0	0
DEER	HORSE	3	3	0	0	0	0	0	0	0	0	0	0
DEER	SHEEP	2	2	0	0	0	0	0	0	3	3	0	0
DEER	LION	0	0	0	0	1	1	0	0	3	3	0	0
DEAF	GREEDY	0	0	0	0	2	2	0	0	2	2	0	0
DEAF	STUPID	3	2	1	0	16	14	2	0	0	0	0	0
CORPSE	SMELL (STINK)	1	0	1	0	0	0	0	0	0	0	0	0
BOY	SERVANT	9	7	2	0	22	15	0	7	0	0	0	0
BOY	SON	0	0	0	0	8	8	0	0	7	6	82	12
BOY	SMALL	0	0	0	0	0	0	0	0	0	0	0	0
BLUNT	STUPID	5	5	0	0	14	13	1	0	0	0	4	3
BLUNT	SLOW	0	0	0	0	1	0	0	1	0	0	0	0
BLUNT	BLIND	0	0	0	0	2	2	0	0	0	0	3	3
BLOOD VESSEL	ROOT	0	0	0	0	4	3	0	1	0	0	5	4
BEECH	OAK	0	0	0	0	1	0	0	1	0	0	0	0
NORTH	WINTER	0	0	0	0	1	1	0	0	0	0	0	0
NORTH	TOP	0	0	0	0	4	4	0	0	3	2	0	0
NORTH	BEHIND	0	0	0	0	3	3	0	0	0	0	0	0
NORTH	WEST	0	0	0	0	1	1	0	0	0	0	0	0
NORTH	LEFT	0	0	0	0	4	4	0	0	0	0	0	0
NORTH	STAR	0	0	0	0	1	1	0	0	0	0	0	0
WIFE	WOMAN	1	1	0	0	24	22	2	0	20	9	89	19
WIFE	HOUSE	0	0	0	0	2	1	0	1	0	0	0	0
WIFE	OLD WOMAN	0	0	0	0	5	5	0	0	34	10	0	0
WIFE	QUEEN	0	0	0	0	1	1	0	0	52	10	0	0
WIFE	SECOND	0	0	0	0	1	0	1	0	0	0	0	0
WHEEL	EYE	0	0	0	0	1	1	0	0	0	0	0	0
WHEEL	CIRCLE	0	0	0	0	2	2	0	0	0	0	25	8
UNRIPE	GREEN	0	0	0	0	1	1	0	0	6	4	75	19
UNRIPE	YOUNG	2	2	0	0	5	5	0	0	0	0	4	4
WALK	LOOK FOR	0	0	0	0	3	3	0	0	3	2	2	2
WALK	DWELL (LIVE, RESIDE)	0	0	0	0	1	1	0	0	0	0	0	0
UNDERSTAND	HEAR	0	0	0	0	10	9	0	1	0	0	17	11
UNDERSTAND	OBEY	0	0	0	0	1	1	0	0	0	0	6	5
UNDERSTAND	COME	0	0	0	0	1	1	0	0	0	0	0	0
UNDERSTAND	SEE	0	0	0	0	4	4	0	0	0	0	3	3
UNDERSTAND	SEIZE	0	0	0	0	19	18	0	1	0	0	0	0
UNDERSTAND	STRIKE OR BEAT	0	0	0	0	1	1	0	0	0	0	0	0
UNDERSTAND	CUT	0	0	0	0	0	0	0	0	0	0	0	0
TRY	TASTE (SOMETHING)	1	1	0	0	21	20	1	0	5	5	16	9
TRY	LOOK FOR	0	0	0	0	3	3	0	0	0	0	0	0
TRY	SEE	0	0	0	0	3	3	0	0	0	0	0	0
TRY	TOUCH	0	0	0	0	1	1	0	0	0	0	3	3
SHIVER	BLINK	0	0	0	0	1	1	0	0	0	0	0	0
STEAL	CARRY	0	0	0	0	2	0	2	0	0	0	0	0
STEAL	GREEDY	0	0	0	0	1	0	0	1	0	0	0	0
STEAL	TAKE	1	1	0	0	0	0	0	0	0	0	0	0
STEAL	HIDE (CONCEAL)	0	0	0	0	4	4	0	0	0	0	0	0
STEAL	SEIZE	0	0	0	0	0	0	0	0	0	0	0	0
SHUT	EXTINGUISH	1	1	0	0	0	0	0	0	0	0	0	0
SHOUT	CRY	1	1	0	0	6	6	0	0	3	3	2	2
SHOUT	CALL	3	2	0	1	0	0	0	0	9	6	50	13
SHAKE	SPEAK	0	0	0	0	1	1	0	0	0	0	0	0
SHAKE	STRIKE OR BEAT	2	1	0	1	2	2	0	0	0	0	0	0
SEPARATE	SPREAD OUT	0	0	0	0	1	1	0	0	0	0	0	0
RUB	WASH	0	0	0	0	2	2	0	0	2	2	0	0
RUB	ROW	1	1	0	0	0	0	0	0	0	0	0	0
COME BACK	AGAIN	1	0	1	0	0	0	0	0	0	0	4	3
REMEMBER	FEEL	0	0	0	0	1	1	0	0	0	0	0	0
PUSH	RAM	0	0	0	0	1	0	1	0	0	0	0	0
PLOUGH	PULL	0	0	0	0	1	1	0	0	0	0	0	0
LISTEN	LEARN	1	1	0	0	0	0	0	0	0	0	0	0
LISTEN	SMELL (PERCEIVE)	2	2	0	0	0	0	0	0	6	4	2	2
LIGHT (IGNITE)	SEIZE	0	0	0	0	2	1	0	1	0	0	0	0
LIGHT (IGNITE)	SHOOT	3	3	0	0	0	0	0	0	0	0	2	2
DWELL (LIVE, RESIDE)	SIT	0	0	0	0	7	7	0	0	7	4	22	10
DWELL (LIVE, RESIDE)	WALK	0	0	0	0	1	1	0	0	0	0	0	0
DWELL (LIVE, RESIDE)	BE BORN	0	0	0	0	1	1	0	0	0	0	0	0
IMITATE	SEE	0	0	0	0	2	2	0	0	0	0	0	0
IMITATE	MEASURE	0	0	0	0	1	1	0	0	0	0	4	4
IMITATE	MONKEY	0	0	0	0	2	0	2	0	0	0	0	0
FORGIVE	UNTIE	0	0	0	0	0	0	0	0	0	0	0	0
DIVIDE	SHARE	1	1	0	0	7	6	1	0	24	10	98	14
DANCE	JUMP	0	0	0	0	3	3	0	0	0	0	0	0
COUGH	STRIKE OR BEAT	0	0	0	0	1	1	0	0	0	0	0	0
COPULATE	STRIKE OR BEAT	1	0	1	0	1	1	0	0	0	0	0	0
COPULATE	SLEEP	0	0	0	0	1	1	0	0	0	0	2	2
COPULATE	JUMP	0	0	0	0	1	0	1	0	0	0	0	0
COPULATE	COVER	0	0	0	0	3	3	0	0	0	0	0	0
COPULATE	ENTER	0	0	0	0	1	1	0	0	0	0	0	0
COPULATE	THROW	0	0	0	0	0	0	0	0	2	2	0	0
COPULATE	MARRY	0	0	0	0	0	0	0	0	2	2	4	4
COPULATE	CUT	0	0	0	0	0	0	0	0	0	0	0	0
COPULATE	FOLLOW	0	0	0	0	0	0	0	0	0	0	0	0
BURN (SOMETHING)	NETTLE	3	0	3	0	1	0	1	0	0	0	0	0
BURN (SOMETHING)	CURE	1	1	0	0	0	0	0	0	0	0	0	0
ANSWER	HELP	0	0	0	0	1	1	0	0	0	0	0	0
THUNDER	LIGHTNING	1	0	0	1	0	0	0	0	11	7	4	3
THIEF	RIGHT	0	0	0	0	1	1	0	0	0	0	0	0
THIEF	ENEMY	0	0	0	0	1	1	0	0	0	0	0	0
SWORD	SPEAR	0	0	0	0	0	0	0	0	0	0	5	5
SWAMP	MUD	0	0	0	0	3	2	0	1	2	2	11	11
SWAMP	FOREST	1	0	0	1	0	0	0	0	0	0	0	0
STOVE	CAVE	0	0	0	0	1	1	0	0	0	0	0	0
STOVE	HOUSE	1	1	0	0	0	0	0	0	0	0	0	0
STOVE	PRISON	1	1	0	0	0	0	0	0	0	0	0	0
STORM	WINTER	0	0	0	0	4	4	0	0	0	0	0	0
SOON	EASY	0	0	0	0	1	1	0	0	0	0	0	0
SNOW	WINTER	1	0	1	0	1	1	0	0	3	2	2	2
SNOW	ICE	0	0	0	0	1	1	0	0	7	3	19	12
SNAIL	WORM	0	0	0	0	3	2	0	1	0	0	2	2
SNAIL	FROG	0	0	0	0	2	2	0	0	0	0	0	0
EASY	SOON	0	0	0	0	1	1	0	0	0	0	0	0
EASY	STUPID	0	0	0	0	2	0	1	1	0	0	0	0
EASY	FLAT	0	0	0	0	2	2	0	0	0	0	0	0
EASY	LIGHT (WEIGHT)	0	0	0	0	11	11	0	0	0	0	67	6
SHOULDERBLADE	OAR	0	0	0	0	1	1	0	0	0	0	7	2
SHIP	SAIL	4	0	4	0	1	1	0	0	12	8	0	0
SHALLOW	LIGHT (COLOR)	0	0	0	0	1	1	0	0	0	0	0	0
SHALLOW	POOR	2	1	1	0	0	0	0	0	0	0	0	0
SERVANT	BOY	0	0	0	0	22	15	0	7	0	0	0	0
SERVANT	I	9	6	0	3	1	0	0	1	0	0	0	0
SERVANT	PEOPLE	0	0	0	0	2	2	0	0	0	0	0	0
SERVANT	STAND	0	0	0	0	1	0	1	0	0	0	0	0
SERVANT	PERSON	0	0	0	0	0	0	0	0	0	0	2	2
SECOND	WIFE	0	0	0	0	1	0	1	0	0	0	0	0
SALTY	SOUR	0	0	0	0	1	1	0	0	0	0	8	8
SALT	SEA	3	1	2	0	8	8	0	0	0	0	3	3
SALT	GOOD	2	2	0	0	0	0	0	0	0	0	0	0
SAILCLOTH	WIND	0	0	0	0	3	1	2	0	0	0	0	0
SAILCLOTH	SUN	0	0	0	0	2	2	0	0	0	0	0	0
SAILCLOTH	WAVE	0	0	0	0	1	1	0	0	0	0	0	0
SAILCLOTH	SAIL	8	0	8	0	0	0	0	0	20	5	0	0
SAILCLOTH	WING	0	0	0	0	1	1	0	0	0	0	0	0
RIB	BACK	0	0	0	0	1	0	1	0	0	0	0	0
RAM	RUN	0	0	0	0	2	0	2	0	0	0	0	0
RAM	PUSH	0	0	0	0	1	0	1	0	0	0	0	0
RAINBOW	SNAKE	0	0	0	0	1	1	0	0	0	0	0	0
RAINBOW	ARCH	0	0	0	0	3	2	0	1	0	0	0	0
RAINBOW	BOW	0	0	0	0	2	2	0	0	0	0	6	4
RAINBOW	BELT	0	0	0	0	1	1	0	0	0	0	0	0
PREGNANT	CARRY	0	0	0	0	2	1	0	1	0	0	2	2
PREGNANT	HEAVY	0	0	0	0	4	4	0	0	0	0	8	5
PREGNANT	BIG	0	0	0	0	1	1	0	0	0	0	0	0
PREGNANT	DIFFICULT	0	0	0	0	0	0	0	0	0	0	3	2
PLANT (VEGETATION)	GREEN	1	0	1	0	1	0	1	0	6	2	0	0
PLANT (VEGETATION)	MEDICINE	6	5	0	1	1	0	0	1	0	0	4	3
DOVE	BLUE	0	0	0	0	4	1	3	0	2	2	0	0
DOVE	MAIZE	3	1	1	1	0	0	0	0	0	0	0	0
HOLE	MOUTH	0	0	0	0	15	14	0	1	0	0	5	3
HOLE	EYE	0	0	0	0	10	10	0	0	0	0	0	0
HOLE	EAR	0	0	0	0	10	9	1	0	4	3	0	0
NOW	SOON	1	1	0	0	0	0	0	0	5	4	8	7
NEW	YOUNG	0	0	0	0	1	1	0	0	4	4	15	8
NEW	GOOD	0	0	0	0	1	1	0	0	0	0	0	0
NEW	MOON	1	0	1	0	0	0	0	0	0	0	0	0
MONKEY	IMITATE	8	0	8	0	2	0	2	0	0	0	0	0
MONKEY	BEAR	2	1	0	1	0	0	0	0	0	0	0	0
MIRROR	GLASS	1	1	0	0	42	42	0	0	2	2	40	13
MARKET	SUNDAY	8	6	2	0	0	0	0	0	22	3	6	2
LUNG	LIGHT (WEIGHT)	0	0	0	0	3	0	2	1	0	0	5	3
LUNG	LIVER	0	0	0	0	6	4	0	2	0	0	0	0
LUNG	RED	1	0	1	0	0	0	0	0	0	0	0	0
FOR A LONG TIME	LONG	0	0	0	0	17	16	0	1	0	0	27	5
LIVER	LUNG	0	0	0	0	6	4	0	2	5	4	0	0
KIDNEY	TESTICLES	0	0	0	0	1	1	0	0	0	0	2	2
KIDNEY	HEART	0	0	0	0	1	0	0	1	0	0	0	0
KEY	COLLARBONE	0	0	0	0	4	1	3	0	0	0	0	0
KEY	LOCK	0	0	0	0	1	0	1	0	9	3	23	11
HONEY	YELLOW	0	0	0	0	1	0	0	1	0	0	0	0
HONEY	SWEET	0	0	0	0	3	1	2	0	5	2	4	4
HIGH	PROUD	4	3	0	1	1	1	0	0	4	3	0	0
HIGH	TALL	1	0	1	0	0	0	0	0	5	5	132	32
HAPPY	HEALTHY	0	0	0	0	3	3	0	0	0	0	2	2
HAPPY	RICH	0	0	0	0	1	1	0	0	0	0	0	0
GOLD	RED	0	0	0	0	3	2	0	1	0	0	0	0
GOLD	YELLOW	1	1	0	0	2	1	0	1	0	0	2	2
GOLD	MONEY	4	2	0	2	2	1	0	1	3	2	2	2
FOX	TAIL	0	0	0	0	1	0	0	1	0	0	0	0
FOX	CAT	0	0	0	0	1	0	0	1	0	0	0	0
FOOD	DEFEND	0	0	0	0	1	0	0	1	0	0	0	0
FOOD	RICE	1	1	0	0	4	3	0	1	0	0	0	0
FOOD	MEAT	2	0	0	2	9	7	0	2	0	0	3	3
FOOD	BREAD	0	0	0	0	9	9	0	0	0	0	6	4
FOAM	ANT	0	0	0	0	1	1	0	0	0	0	0	0
FLY (INSECT)	INSECT	0	0	0	0	3	3	0	0	2	2	0	0
FLY (INSECT)	MOSQUITO	0	0	0	0	2	2	0	0	8	4	7	4
FIELD	BATTLE	1	0	0	1	2	2	0	0	0	0	0	0
EARTH (SOIL)	COUNTRY	16	16	0	0	22	22	0	0	6	5	35	15
EARTH (SOIL)	CLAY	0	0	0	0	4	4	0	0	30	13	38	11
EARTH (SOIL)	POTATO	2	1	1	0	0	0	0	0	4	3	0	0
EARLY	MORNING	1	1	0	0	2	1	0	1	27	8	30	19
DIRTY	DRY	0	0	0	0	1	1	0	0	0	0	0	0
CROW	BIRD	0	0	0	0	1	1	0	0	0	0	0	0
CHIN	BEARD	0	0	0	0	2	2	0	0	15	10	16	5
CHIN	BEAK	0	0	0	0	1	0	0	1	0	0	0	0
CHIN	CHEEK	0	0	0	0	0	0	0	0	0	0	2	2
BOW	PULL	0	0	0	0	1	1	0	0	0	0	0	0
BOW	ARCH	1	1	0	0	3	3	0	0	5	3	23	7
BOW	COLLARBONE	0	0	0	0	1	1	0	0	4	2	0	0
BOW	RAINBOW	3	2	1	0	2	2	0	0	31	5	6	4
BOARD	SHIELD	1	1	0	0	3	1	0	2	0	0	0	0
BOARD	TABLE	1	0	0	1	2	2	0	0	0	0	11	7
BELT	RAINBOW	1	1	0	0	1	1	0	0	3	2	0	0
BEEHIVE	NEST	0	0	0	0	3	3	0	0	0	0	4	4
BEEHIVE	BASKET	0	0	0	0	2	2	0	0	0	0	0	0
BEAR	OLD MAN	0	0	0	0	11	11	0	0	0	0	0	0
BASKET	NEST	0	0	0	0	5	5	0	0	0	0	0	0
BASKET	CHEST	1	1	0	0	0	0	0	0	0	0	0	0
BASKET	BEEHIVE	4	3	1	0	2	2	0	0	6	3	0	0
BARLEY	BREAD	1	0	1	0	2	1	0	1	0	0	0	0
ACORN	BEAN	0	0	0	0	1	1	0	0	0	0	0	0
ACORN	OAK	0	0	0	0	2	2	0	0	0	0	19	4
YOUNGER SISTER	FRIEND	0	0	0	0	1	0	0	1	0	0	0	0
YOUNGER BROTHER	FRIEND	0	0	0	0	1	1	0	0	0	0	0	0
YOLK	FLOWER	0	0	0	0	1	1	0	0	0	0	0	0
YAM	POTATO	2	1	1	0	0	0	0	0	0	0	3	3
YAM	SWEET POTATO	2	2	0	0	0	0	0	0	3	3	38	11
WOUND	STRIKE OR BEAT	1	1	0	0	1	1	0	0	0	0	0	0
WHIRLPOOL	EYE	0	0	0	0	1	1	0	0	0	0	0	0
WHEN	IF	3	3	0	0	1	0	0	1	0	0	7	5
WEEK	SUNDAY	0	0	0	0	4	4	0	0	30	11	8	5
WAVE	SAILCLOTH	0	0	0	0	1	1	0	0	0	0	0	0
WASP	BEE	0	0	0	0	3	3	0	0	5	4	18	11
WASP	INSECT	0	0	0	0	3	3	0	0	0	0	2	2
WAIST	BODY	0	0	0	0	3	3	0	0	0	0	2	2
UDDER	END (OF SPACE)	0	0	0	0	1	1	0	0	0	0	0	0
TURTLE	FROG	0	0	0	0	1	0	0	1	0	0	0	0
TURTLE	SWELLING	0	0	0	0	1	0	0	1	0	0	0	0
WRITE	LEARN	0	0	0	0	1	1	0	0	0	0	0	0
WRITE	PAINTING	0	0	0	0	7	7	0	0	3	2	8	5
WASH	RUB	0	0	0	0	2	2	0	0	0	0	0	0
TELL	ASK (REQUEST)	0	0	0	0	1	1	0	0	0	0	0	0
TEACH	SHOW	0	0	0	0	3	3	0	0	0	0	7	5
TEACH	GIVE	0	0	0	0	1	0	1	0	0	0	0	0
TEACH	ASK (INQUIRE)	0	0	0	0	0	0	0	0	0	0	0	0
SWIM	FLY (MOVE THROUGH AIR)	0	0	0	0	1	1	0	0	0	0	0	0
SWIM	STRIKE OR BEAT	0	0	0	0	2	2	0	0	0	0	0	0
SUCK	KISS	0	0	0	0	3	2	0	1	4	3	13	8
SUCK	DRINK	0	0	0	0	6	4	0	2	0	0	12	5
SMELL (STINK)	BAD	0	0	0	0	2	2	0	0	0	0	0	0
SPREAD OUT	SEPARATE	0	0	0	0	1	1	0	0	0	0	0	0
SHOW	SPEAK	0	0	0	0	3	0	0	3	0	0	0	0
SHOW	TEACH	1	1	0	0	3	3	0	0	5	3	7	5
FORBID	DEFEND	1	1	0	0	2	2	0	0	2	2	5	4
FORBID	PIG	0	0	0	0	1	0	0	1	0	0	0	0
PINCH	STEAL	2	1	1	0	0	0	0	0	0	0	0	0
MOW	STRIKE OR BEAT	0	0	0	0	4	4	0	0	0	0	4	2
MOW	CUT	0	0	0	0	5	3	0	2	2	2	31	11
MEASURE	IMITATE	0	0	0	0	1	1	0	0	0	0	4	4
LEARN	READ	1	1	0	0	6	6	0	0	2	2	27	5
LEARN	WRITE	0	0	0	0	1	1	0	0	0	0	0	0
LEARN	SEIZE	0	0	0	0	0	0	0	0	2	2	0	0
LEARN	LISTEN	0	0	0	0	0	0	0	0	0	0	0	0
HELP	ANSWER	0	0	0	0	1	1	0	0	0	0	0	0
DESTROY	FORGIVE	1	1	0	0	0	0	0	0	0	0	0	0
DESTROY	EXTINGUISH	0	0	0	0	1	1	0	0	0	0	2	2
DESTROY	GRIND	0	0	0	0	0	0	0	0	0	0	0	0
SHIT (DEFECATE)	RUN	0	0	0	0	1	1	0	0	0	0	0	0
SHIT (DEFECATE)	PUT	0	0	0	0	2	2	0	0	0	0	0	0
COVER	COPULATE	0	0	0	0	3	3	0	0	0	0	0	0
COVER	FORGIVE	1	1	0	0	0	0	0	0	0	0	0	0
BLINK	SHIVER	0	0	0	0	1	1	0	0	0	0	0	0
SURPRISED	SEE	0	0	0	0	1	1	0	0	0	0	0	0
SWELLING	TURTLE	0	0	0	0	1	0	0	1	0	0	0	0
SWELLING	POTATO	1	1	0	0	0	0	0	0	0	0	0	0
FRAGRANT	GOOD	2	2	0	0	0	0	0	0	0	0	0	0
SPRINGTIME	SUMMER	2	1	0	1	0	0	0	0	2	2	3	3
SPINDLE	NECK	1	1	0	0	0	0	0	0	0	0	0	0
SPIDER	BEAD	0	0	0	0	1	1	0	0	0	0	0	0
SOUTH	RIGHT	0	0	0	0	4	4	0	0	0	0	3	2
SOUTH	MIDDAY	0	0	0	0	10	9	1	0	0	0	7	2
SOUTH	LEFT	0	0	0	0	2	2	0	0	0	0	0	0
SKIRT	PROSTITUTE	1	1	0	0	0	0	0	0	0	0	0	0
SKIRT	WOMAN	6	6	0	0	0	0	0	0	0	0	0	0
SILVER	WHITE	0	0	0	0	2	1	0	1	0	0	0	0
SILVER	MONEY	2	2	0	0	4	4	0	0	4	3	85	22
SHIELD	BOARD	0	0	0	0	3	1	0	2	0	0	0	0
SHIELD	LEFT	1	0	1	0	0	0	0	0	0	0	0	0
SHELL	SPOON	2	0	1	1	2	2	0	0	0	0	2	2
SHELL	MONEY	3	3	0	0	0	0	0	0	0	0	0	0
SCORPION	POISON	0	0	0	0	1	1	0	0	0	0	0	0
RYE	WHEAT	0	0	0	0	3	3	0	0	0	0	2	2
ROTTEN	LAZY	0	0	0	0	1	1	0	0	0	0	0	0
RICH	HEAVY	0	0	0	0	1	1	0	0	0	0	0	0
RICH	DEEP	0	0	0	0	1	1	0	0	0	0	0	0
RICH	HAPPY	0	0	0	0	1	1	0	0	0	0	0	0
RELATIVES	PART	0	0	0	0	1	1	0	0	0	0	0	0
RELATIVES	BRANCH OR TWIG	0	0	0	0	1	1	0	0	0	0	0	0
RELATIVES	TOUCH	0	0	0	0	1	1	0	0	0	0	0	0
RAG	CLOTHES	0	0	0	0	3	2	1	0	0	0	4	4
RAG	PROSTITUTE	1	1	0	0	0	0	0	0	0	0	0	0
PRIEST	BLACK	0	0	0	0	1	0	1	0	0	0	0	0
PRECIPICE	MOUTH	2	1	0	1	0	0	0	0	0	0	0	0
PRECIPICE	HELL	3	2	1	0	0	0	0	0	0	0	0	0
POTATO	TESTICLES	1	1	0	0	0	0	0	0	0	0	0	0
POTATO	SWEET POTATO	0	0	0	0	1	1	0	0	26	4	28	13
POTATO	YAM	0	0	0	0	0	0	0	0	6	2	3	3
PEOPLE	COUNTRY	0	0	0	0	3	2	1	0	0	0	2	2
PEOPLE	SERVANT	0	0	0	0	2	2	0	0	4	3	0	0
PEOPLE	ARMY	0	0	0	0	5	3	0	2	0	0	0	0
PEOPLE	BE BORN	0	0	0	0	4	2	2	0	0	0	0	0
PARENTS	FATHER	0	0	0	0	0	0	0	0	0	0	2	2
ONLY	EMPTY	0	0	0	0	3	2	0	1	0	0	0	0
OLD WOMAN	WIFE	1	1	0	0	5	5	0	0	0	0	0	0
OAR	SHOULDERBLADE	0	0	0	0	1	1	0	0	8	4	7	2
OAR	ROW	3	0	3	0	0	0	0	0	21	5	7	5
OAR	LEAF	0	0	0	0	1	1	0	0	0	0	0	0
NIGHT	BAT	2	1	1	0	0	0	0	0	3	3	0	0
MOSQUITO	INSECT	0	0	0	0	3	3	0	0	0	0	3	3
MOSQUITO	FLY (INSECT)	0	0	0	0	2	2	0	0	4	2	7	4
MERCHANT	GUEST	0	0	0	0	1	0	0	1	0	0	0	0
MERCHANT	RICH	1	0	0	1	0	0	0	0	0	0	0	0
MANY	BLACK	0	0	0	0	1	1	0	0	0	0	0	0
MANY	DIFFICULT	0	0	0	0	3	3	0	0	4	3	0	0
LATE	SLOW	0	0	0	0	2	1	0	1	0	0	12	6
LAND	FLOOR	2	2	0	0	1	1	0	0	10	6	32	20
LAND	BOTTOM	3	3	0	0	0	0	0	0	4	4	0	0
JAW	CORNER	0	0	0	0	1	1	0	0	0	0	0	0
JAW	CHEEK	0	0	0	0	9	4	0	5	6	3	16	9
INSIDE	HEART	0	0	0	0	3	3	0	0	3	3	0	0
INSIDE	WOMB	0	0	0	0	1	0	0	1	3	3	3	3
INSIDE	DEEP	1	1	0	0	0	0	0	0	6	3	4	4
ICE	SNOW	0	0	0	0	1	1	0	0	3	3	19	12
ICE	GLASS	1	1	0	0	0	0	0	0	0	0	0	0
HOUR	TIME	0	0	0	0	3	2	0	1	0	0	27	13
HOOK	CLAW	0	0	0	0	1	1	0	0	0	0	7	2
HEN	PROSTITUTE	1	0	0	1	2	2	0	0	0	0	0	0
FUR	ANIMAL	2	0	2	0	0	0	0	0	0	0	0	0
GRANDFATHER	FATHER	0	0	0	0	5	2	0	3	0	0	5	4
GRANDFATHER	UNCLE	0	0	0	0	1	0	0	1	0	0	2	2
FULL	DRUNK	6	6	0	0	1	1	0	0	0	0	3	2
FISH	ANIMAL	2	1	0	1	0	0	0	0	3	2	0	0
FIREWOOD	TREE	0	0	0	0	2	2	0	0	5	3	10	10
FIREWOOD	WOOD	0	0	0	0	9	9	0	0	3	3	64	19
RING	NOSTRIL	0	0	0	0	1	1	0	0	0	0	0	0
RING	CIRCLE	0	0	0	0	2	2	0	0	0	0	8	3
RING	COLLARBONE	0	0	0	0	1	1	0	0	0	0	0	0
FIN	COMB	0	0	0	0	1	1	0	0	0	0	0	0
FIN	WING	0	0	0	0	14	12	1	1	5	5	20	8
FIN	FEATHER	0	0	0	0	2	2	0	0	2	2	7	4
FAR	LONG	0	0	0	0	1	0	1	0	2	2	6	6
EVENING	YESTERDAY	1	0	0	1	2	0	1	1	2	2	0	0
EVENING	WEST	2	0	2	0	3	3	0	0	4	3	3	3
OLDER BROTHER	FATHER	0	0	0	0	1	1	0	0	0	0	2	2
FRESHWATER EEL	SNAKE	0	0	0	0	2	2	0	0	0	0	0	0
FRESHWATER EEL	WORM	0	0	0	0	1	0	0	1	0	0	0	0
EAGLE	BIRD	0	0	0	0	1	0	0	1	0	0	0	0
DARKNESS	WEST	1	1	0	0	0	0	0	0	0	0	0	0
COTTON	PAPER	0	0	0	0	1	1	0	0	0	0	0	0
COTTON	SHEEP	4	4	0	0	0	0	0	0	0	0	2	2
CLOUD	SKY	0	0	0	0	4	1	0	3	2	2	15	6
CLAY	EARTH (SOIL)	0	0	0	0	4	4	0	0	0	0	38	11
CLAW	HOOK	0	0	0	0	1	1	0	0	0	0	7	2
CHEAP	NEAR	0	0	0	0	1	1	0	0	0	0	0	0
CHEAP	LIGHT (WEIGHT)	0	0	0	0	3	3	0	0	0	0	2	2
CATTLE	GET	0	0	0	0	2	0	2	0	0	0	0	0
CAPE	HORN (ANATOMY)	0	0	0	0	2	2	0	0	0	0	0	0
CAPE	HEAD	0	0	0	0	1	1	0	0	0	0	0	0
CAPE	MOUTH	0	0	0	0	1	0	0	1	0	0	0	0
CAPE	NOSE	0	0	0	0	6	5	1	0	0	0	8	5
BUTTON	KNOT	0	0	0	0	4	4	0	0	0	0	4	3
BROOM	PENIS	0	0	0	0	1	1	0	0	0	0	0	0
BRIDGE	FLOOR	0	0	0	0	1	0	0	1	0	0	0	0
BRIDGE	COLLARBONE	0	0	0	0	1	1	0	0	6	4	0	0
BREAD	BARLEY	0	0	0	0	2	1	0	1	0	0	0	0
BREAD	FOOD	0	0	0	0	9	9	0	0	2	2	6	4
BOTTOM	BUTTOCKS	1	1	0	0	6	5	0	1	4	4	11	7
BEFORE	EYE	0	0	0	0	1	0	0	1	0	0	0	0
BEE	WASP	0	0	0	0	3	3	0	0	25	5	18	11
BALL	POTATO	1	0	1	0	0	0	0	0	0	0	0	0
AWL	EAR	0	0	0	0	1	1	0	0	0	0	0	0
ARMY	PEOPLE	1	1	0	0	5	3	0	2	0	0	0	0
ARCH	RAINBOW	1	0	1	0	3	2	0	1	15	5	0	0
ARCH	BOW	5	4	0	1	3	3	0	0	0	0	23	7
ANT	FOAM	0	0	0	0	1	1	0	0	0	0	0	0
ANKLE	KNEE	0	0	0	0	1	0	0	1	0	0	3	3
ANKLE	WRIST	0	0	0	0	1	1	0	0	3	3	0	0
ANGER	POISON	1	1	0	0	1	1	0	0	0	0	0	0
ANCESTORS	FATHER	0	0	0	0	6	5	1	0	0	0	0	0
AGE	WEATHER	0	0	0	0	1	1	0	0	0	0	2	2
FIR	PINE	0	0	0	0	0	0	0	0	5	3	16	5
SATURDAY	WEEK	1	1	0	0	0	0	0	0	0	0	6	3
YOUNG MAN	SOLDIER	2	2	0	0	1	0	0	1	0	0	0	0
YESTERDAY	EVENING	0	0	0	0	2	0	1	1	2	2	0	0
WRIST	ANKLE	0	0	0	0	1	1	0	0	2	2	0	0
WINDOW	GLASS	0	0	0	0	8	8	0	0	0	0	3	3
WINDOW	EYE	0	0	0	0	5	4	1	0	0	0	0	0
PROSTITUTE	DOG	0	0	0	0	3	2	0	1	0	0	0	0
PROSTITUTE	MAT	0	0	0	0	6	3	2	1	0	0	0	0
PROSTITUTE	HEN	0	0	0	0	2	2	0	0	2	2	0	0
WHEAT	RYE	0	0	0	0	3	3	0	0	15	6	2	2
WHALE	BIG	1	1	0	0	0	0	0	0	0	0	0	0
UNCLE	GRANDFATHER	0	0	0	0	1	0	0	1	0	0	2	2
TOWER	PRISON	2	1	0	1	0	0	0	0	0	0	0	0
TOMORROW	MORNING	0	0	0	0	18	15	2	1	11	5	20	12
TODAY	DAY (NOT NIGHT)	0	0	0	0	2	0	1	1	0	0	2	2
VOMIT	CHOKE	0	0	0	0	1	1	0	0	0	0	0	0
VOMIT	TEAR (SHRED)	0	0	0	0	0	0	0	0	0	0	0	0
VOMIT	POUR	0	0	0	0	0	0	0	0	0	0	2	2
SMOKE (INHALE)	PULL	0	0	0	0	7	7	0	0	0	0	0	0
SMOKE (INHALE)	DRINK	1	0	0	1	0	0	0	0	0	0	8	3
SINK (DESCEND)	CHOKE	0	0	0	0	1	1	0	0	4	2	0	0
SHARE	DIVIDE	0	0	0	0	7	6	1	0	13	6	98	14
RIDE	COPULATE	5	5	0	0	0	0	0	0	0	0	0	0
REFUSE	SWEEP	0	0	0	0	2	1	1	0	0	0	0	0
REFUSE	HATE	1	1	0	0	0	0	0	0	0	0	0	0
PROMISE	HOLD	0	0	0	0	1	1	0	0	0	0	0	0
PROMISE	ANSWER	2	0	1	1	0	0	0	0	0	0	10	3
PROMISE	SPEAK	0	0	0	0	0	0	0	0	0	0	0	0
LICK	SPOON	3	0	3	0	0	0	0	0	0	0	0	0
LET GO OR SET FREE	LEAVE	0	0	0	0	1	1	0	0	0	0	0	0
LAST (ENDURE)	HOLD	0	0	0	0	2	2	0	0	2	2	0	0
LAST (ENDURE)	PULL	0	0	0	0	2	2	0	0	0	0	0	0
KNEAD	STRIKE OR BEAT	2	2	0	0	0	0	0	0	0	0	0	0
KICK	DIG	0	0	0	0	1	1	0	0	0	0	0	0
HUNT	WANT	0	0	0	0	4	1	2	1	0	0	0	0
HUNT	CATCH	0	0	0	0	2	2	0	0	0	0	0	0
HUNT	FOREST	0	0	0	0	1	1	0	0	0	0	0	0
HUNT	KILL	0	0	0	0	3	2	1	0	0	0	2	2
HOWL	CRY	0	0	0	0	3	3	0	0	0	0	9	8
HAVE	CARRY	0	0	0	0	1	1	0	0	5	3	0	0
HATE	ENEMY	2	0	2	0	0	0	0	0	5	5	0	0
HATE	REFUSE	0	0	0	0	0	0	0	0	0	0	0	0
GUESS	PRESS	0	0	0	0	1	1	0	0	0	0	0	0
GUESS	UNDERSTAND	1	1	0	0	0	0	0	0	0	0	0	0
DYE	BOAST	0	0	0	0	1	1	0	0	0	0	0	0
BORE	PAIN	0	0	0	0	2	2	0	0	0	0	0	0
PAINTING	PULL	0	0	0	0	4	4	0	0	0	0	0	0
PAINTING	WRITE	0	0	0	0	7	7	0	0	0	0	8	5
PAINTING	THROW	0	0	0	0	0	0	0	0	0	0	0	0
CURE	DEFEND	0	0	0	0	0	0	0	0	0	0	0	0
CURE	BURN (SOMETHING)	0	0	0	0	0	0	0	0	0	0	0	0
CATCH	HUNT	2	0	0	2	2	2	0	0	0	0	0	0
BUY	TAKE	0	0	0	0	4	4	0	0	4	3	40	8
BUY	ASK (REQUEST)	0	0	0	0	1	1	0	0	2	2	3	3
BUILD	HOLD	0	0	0	0	3	3	0	0	0	0	0	0
BUILD	LIFT	0	0	0	0	2	2	0	0	6	2	10	5
BUILD	PUT	0	0	0	0	5	5	0	0	3	2	6	4
SIMILAR	FOLLOW	0	0	0	0	2	2	0	0	0	0	0	0
APPROACH	PRESS	0	0	0	0	2	2	0	0	0	0	0	0
THING	WORK (LABOUR)	0	0	0	0	1	1	0	0	5	5	0	0
THING	WANT	0	0	0	0	0	0	0	0	2	2	0	0
THING	WORD	0	0	0	0	0	0	0	0	0	0	3	2
TESTICLES	EGG	0	0	0	0	5	3	0	2	2	2	21	11
TESTICLES	KIDNEY	0	0	0	0	1	1	0	0	0	0	2	2
TESTICLES	STONE OR ROCK	0	0	0	0	0	0	0	0	0	0	4	2
TEACHER	FATHER	1	1	0	0	1	1	0	0	0	0	0	0
SWEET POTATO	POTATO	3	2	1	0	1	1	0	0	12	6	28	13
SWEET POTATO	YAM	0	0	0	0	0	0	0	0	7	3	38	11
SPOON	SHELL	0	0	0	0	2	2	0	0	0	0	2	2
SPIDER WEB	NEST	0	0	0	0	5	5	0	0	0	0	3	2
SPEECH	MOUTH	0	0	0	0	3	3	0	0	0	0	0	0
SPEECH	WORD	0	0	0	0	3	2	0	1	2	2	15	5
SPEECH	TONGUE	0	0	0	0	8	7	1	0	0	0	0	0
BE SILENT	REST	0	0	0	0	1	1	0	0	0	0	0	0
SHEEP	COTTON	0	0	0	0	0	0	0	0	0	0	2	2
SEASON	BLACK	0	0	0	0	1	1	0	0	0	0	0	0
SAP	WATER	0	0	0	0	1	1	0	0	0	0	24	4
SAP	MILK	0	0	0	0	0	0	0	0	3	3	0	0
RUDDER	TAIL	0	0	0	0	2	2	0	0	0	0	0	0
ROOM	HOUSE	0	0	0	0	3	2	0	1	0	0	58	11
RICE	FOOD	2	2	0	0	4	3	0	1	0	0	0	0
READY	ENOUGH	2	2	0	0	2	2	0	0	0	0	3	3
RAIN (PRECIPITATION)	DEW	0	0	0	0	1	1	0	0	5	4	0	0
RAIN (PRECIPITATION)	WORM	2	0	2	0	0	0	0	0	0	0	0	0
QUEEN	WIFE	0	0	0	0	1	1	0	0	0	0	0	0
PROUD	HIGH	0	0	0	0	1	1	0	0	0	0	0	0
PRISON	HELL	1	0	0	1	0	0	0	0	0	0	0	0
POET	MAD	0	0	0	0	1	1	0	0	0	0	0	0
PLACE (POSITION)	TOWN	2	0	0	2	0	0	0	0	3	3	3	2
GHOST	SHADE	0	0	0	0	4	4	0	0	2	2	7	6
GHOST	SOUL	0	0	0	0	2	2	0	0	0	0	43	18
PAIR	FRIEND	0	0	0	0	1	1	0	0	4	3	0	0
PAINT (PIGMENTS)	COLOR	4	4	0	0	5	5	0	0	0	0	50	8
NOSTRIL	NOSE	0	0	0	0	8	7	1	0	0	0	6	2
NOSTRIL	RING	0	0	0	0	1	1	0	0	0	0	0	0
MIDDAY	SOUTH	3	2	1	0	10	9	1	0	0	0	7	2
MONEY	SILVER	0	0	0	0	4	4	0	0	10	7	85	22
MONEY	HEAD	0	0	0	0	3	2	1	0	0	0	0	0
MONEY	GOLD	0	0	0	0	2	1	0	1	4	3	2	2
MAT	PROSTITUTE	1	1	0	0	6	3	2	1	0	0	0	0
MALE (OF ANIMAL)	FATHER	0	0	0	0	6	6	0	0	0	0	5	4
LOUSE	BAD	1	0	1	0	2	0	2	0	0	0	0	0
LOCK	KEY	0	0	0	0	1	0	1	0	17	8	23	11
LAST (FINAL)	EDGE	0	0	0	0	1	1	0	0	0	0	0	0
LANGUAGE	WORD	0	0	0	0	1	1	0	0	5	4	62	33
LAKE	SEA	0	0	0	0	3	1	1	1	5	5	12	7
ISLAND	FLOW	0	0	0	0	2	0	2	0	0	0	0	0
INNOCENT	WHITE	0	0	0	0	1	1	0	0	0	0	0	0
IMMEDIATELY	STRAIGHT	0	0	0	0	1	0	1	0	0	0	0	0
HELMET	SKULL	0	0	0	0	1	1	0	0	0	0	0	0
HAND	BUNCH	0	0	0	0	1	1	0	0	3	2	0	0
HAMMER	TOOTH	0	0	0	0	2	2	0	0	0	0	0	0
GILL	EAR	0	0	0	0	1	1	0	0	0	0	2	2
FLUTE	THROAT	0	0	0	0	1	1	0	0	0	0	0	0
FLEA	BAD	1	0	1	0	0	0	0	0	0	0	0	0
FIREPLACE	FIRE	1	1	0	0	6	6	0	0	0	0	4	4
FAMILY	HOUSE	0	0	0	0	7	7	0	0	0	0	22	6
FAMILY	NEST	0	0	0	0	2	1	0	1	0	0	0	0
OLDER SISTER	FATHER	0	0	0	0	2	2	0	0	0	0	0	0
MEDICINE	PLANT (VEGETATION)	0	0	0	0	1	0	0	1	0	0	4	3
CUP	GLASS	0	0	0	0	8	8	0	0	0	0	3	3
DAUGHTER	GIRL	0	0	0	0	12	11	1	0	27	10	90	13
COLLAR	NECK	0	0	0	0	1	1	0	0	0	0	35	9
BUNCH	HAND	0	0	0	0	1	1	0	0	0	0	0	0
CLUB	TREE	0	0	0	0	3	1	0	2	2	2	10	10
CITRUS FRUIT	YELLOW	1	0	0	1	0	0	0	0	0	0	0	0
CAVE	STOVE	8	1	7	0	1	1	0	0	0	0	0	0
BUTTERFLY	SOUL	0	0	0	0	3	2	1	0	0	0	0	0
BRACELET	GLASS	0	0	0	0	1	1	0	0	0	0	0	0
BIRCH	LIGHT (COLOR)	0	0	0	0	1	0	0	1	0	0	0	0
BELOW OR UNDER	EAST	0	0	0	0	1	1	0	0	0	0	0	0
BEESWAX	YELLOW	0	0	0	0	2	0	2	0	0	0	0	0
BED	NEST	0	0	0	0	11	9	0	2	2	2	5	3
BEAN	ACORN	0	0	0	0	1	1	0	0	0	0	0	0
BEAD	SPIDER	0	0	0	0	1	1	0	0	2	2	0	0
SUNDAY	SUN	0	0	0	0	1	1	0	0	0	0	0	0
SUNDAY	WEEK	5	3	1	1	4	4	0	0	2	2	8	5
SUNDAY	MARKET	0	0	0	0	0	0	0	0	0	0	6	2
FRIDAY	WEEK	2	1	1	0	0	0	0	0	0	0	5	2
VILLAGE	COUNTRY	0	0	0	0	1	1	0	0	0	0	8	7
GRAVE	HOUSE	0	0	0	0	1	0	1	0	0	0	0	0
LIE (MISLEAD)	THROW	0	0	0	0	1	1	0	0	0	0	0	0
LIE (MISLEAD)	SHOOT	0	0	0	0	1	1	0	0	0	0	0	0
LIE (MISLEAD)	STRIKE OR BEAT	0	0	0	0	1	1	0	0	0	0	0	0
SAIL	SHIP	0	0	0	0	1	1	0	0	0	0	0	0
SAIL	SAILCLOTH	0	0	0	0	0	0	0	0	2	2	0	0
OBEY	UNDERSTAND	0	0	0	0	1	1	0	0	0	0	6	5
EMBRACE	HIDE (CONCEAL)	0	0	0	0	1	1	0	0	0	0	0	0
RULE	LEAD (GUIDE)	0	0	0	0	3	3	0	0	0	0	8	4
RULE	PULL	0	0	0	0	0	0	0	0	0	0	0	0
FORGE	STRIKE OR BEAT	0	0	0	0	3	3	0	0	0	0	0	0
EXPLAIN	CHEW	0	0	0	0	1	1	0	0	0	0	0	0
EXPLAIN	UNTIE	0	0	0	0	0	0	0	0	0	0	3	2
BOAST	STRIKE OR BEAT	0	0	0	0	1	0	0	1	0	0	0	0
BOAST	DYE	0	0	0	0	1	1	0	0	0	0	0	0
THUMB	BIG	0	0	0	0	1	0	1	0	0	0	0	0
NASAL MUCUS (SNOT)	NOSE	0	0	0	0	3	3	0	0	0	0	10	5
SAUSAGE	INTESTINES	0	0	0	0	1	1	0	0	14	3	14	4
MONTH	MOON	0	0	0	0	18	17	1	0	11	5	156	41
MEAL	TABLE	0	0	0	0	1	1	0	0	2	2	6	2
MANNER	FACE	0	0	0	0	2	2	0	0	0	0	0	0
MANNER	ROAD	0	0	0	0	6	6	0	0	0	0	18	7
MANNER	DOOR	0	0	0	0	1	1	0	0	0	0	0	0
LIZARD	SNAKE	0	0	0	0	1	0	0	1	0	0	0	0
IF	WHEN	0	0	0	0	1	0	0	1	2	2	7	5
FLOOR	BRIDGE	0	0	0	0	1	0	0	1	2	2	0	0
FLOOR	LAND	0	0	0	0	1	1	0	0	4	4	32	20
FEVER	HOT	0	0	0	0	4	3	1	0	4	3	14	11
ENOUGH	READY	1	1	0	0	2	2	0	0	0	0	3	3
CLOTHES	RAG	0	0	0	0	3	2	1	0	9	8	4	4
COLLARBONE	BRIDGE	0	0	0	0	1	1	0	0	0	0	0	0
COLLARBONE	BOW	0	0	0	0	1	1	0	0	0	0	0	0
COLLARBONE	KEY	0	0	0	0	4	1	3	0	0	0	0	0
COLLARBONE	RING	0	0	0	0	1	1	0	0	0	0	0	0
BRUISE	BLACK	0	0	0	0	1	0	1	0	0	0	0	0
BRUISE	BLUE	0	0	0	0	0	0	0	0	0	0	3	3
BATTLE	FIELD	0	0	0	0	2	2	0	0	0	0	0	0
AMBUSH	SEE	0	0	0	0	1	0	0	1	0	0	0	0
AGAIN	COME BACK	0	0	0	0	0	0	0	0	11	5	4	3
AFTER	BEHIND	0	0	0	0	9	9	0	0	12	9	59	22
I	SERVANT	0	0	0	0	1	0	0	1	2	2	0	0
